season	week	game	half	team1	team2	t1score	t2score
10	1	EMERALD	1	MAB	MBC	6	2
10	1	EMERALD	2	MAB	MBC	3	4
10	1	EMERALD	OT	MAB	MBC	0	0
10	1	Monarch	1	MAB	MBC	5	2
10	1	Monarch	2	MAB	MBC	1	2
10	1	Monarch	OT	MAB	MBC	0	0
10	1	EMERALD	1	MTHE	MHGW	6	7
10	1	EMERALD	2	MTHE	MHGW	3	5
10	1	EMERALD	OT	MTHE	MHGW	0	0
10	1	Monarch	1	MTHE	MHGW	1	2
10	1	Monarch	2	MTHE	MHGW	6	1
10	1	Monarch	OT	MTHE	MHGW	0	0
10	1	EMERALD	1	MLSP	MCJ	1	3
10	1	EMERALD	2	MLSP	MCJ	5	4
10	1	EMERALD	OT	MLSP	MCJ	0	0
10	1	Monarch	1	MLSP	MCJ	4	3
10	1	Monarch	2	MLSP	MCJ	4	3
10	1	Monarch	OT	MLSP	MCJ	0	0
10	1	EMERALD	1	MCD	MTRS	5	1
10	1	EMERALD	2	MCD	MTRS	4	3
10	1	EMERALD	OT	MCD	MTRS	0	0
10	1	Monarch	1	MCD	MTRS	4	2
10	1	Monarch	2	MCD	MTRS	1	2
10	1	Monarch	OT	MCD	MTRS	0	0
10	1	EMERALD	1	MGB	MMT	3	4
10	1	EMERALD	2	MGB	MMT	3	5
10	1	EMERALD	OT	MGB	MMT	0	0
10	1	Monarch	1	MGB	MMT	1	8
10	1	Monarch	2	MGB	MMT	2	7
10	1	Monarch	OT	MGB	MMT	0	0
10	1	EMERALD	1	MPNS	MBAL	1	10
10	1	EMERALD	2	MPNS	MBAL	3	5
10	1	EMERALD	OT	MPNS	MBAL	0	0
10	1	Monarch	1	MPNS	MBAL	2	3
10	1	Monarch	2	MPNS	MBAL	0	6
10	1	Monarch	OT	MPNS	MBAL	0	0
10	1	EMERALD	1	MOD	MPBP	2	2
10	1	EMERALD	2	MOD	MPBP	2	4
10	1	EMERALD	OT	MOD	MPBP	0	0
10	1	Monarch	1	MOD	MPBP	6	0
10	1	Monarch	2	MOD	MPBP	2	4
10	1	Monarch	OT	MOD	MPBP	0	0
10	1	EMERALD	1	MBD	MHR	1	6
10	1	EMERALD	2	MBD	MHR	5	3
10	1	EMERALD	OT	MBD	MHR	0	0
10	1	Monarch	1	MBD	MHR	1	3
10	1	Monarch	2	MBD	MHR	1	6
10	1	Monarch	OT	MBD	MHR	0	0
10	2	Monarch	1	MLSP	MAB	2	2
10	2	Monarch	2	MLSP	MAB	3	1
10	2	Monarch	OT	MLSP	MAB	0	0
10	2	Wormy	1	MLSP	MAB	2	2
10	2	Wormy	2	MLSP	MAB	0	1
10	2	Wormy	OT	MLSP	MAB	0	0
10	2	Monarch	1	MBC	MCJ	6	1
10	2	Monarch	2	MBC	MCJ	1	3
10	2	Monarch	OT	MBC	MCJ	0	0
10	2	Wormy	1	MBC	MCJ	2	2
10	2	Wormy	2	MBC	MCJ	6	3
10	2	Wormy	OT	MBC	MCJ	0	0
10	2	Monarch	1	MCD	MTHE	1	4
10	2	Monarch	2	MCD	MTHE	1	1
10	2	Monarch	OT	MCD	MTHE	0	0
10	2	Wormy	1	MCD	MTHE	1	3
10	2	Wormy	2	MCD	MTHE	3	2
10	2	Wormy	OT	MCD	MTHE	0	0
10	2	Monarch	1	MHGW	MTRS	7	0
10	2	Monarch	2	MHGW	MTRS	3	0
10	2	Monarch	OT	MHGW	MTRS	0	0
10	2	Wormy	1	MHGW	MTRS	4	2
10	2	Wormy	2	MHGW	MTRS	7	1
10	2	Wormy	OT	MHGW	MTRS	0	0
10	2	Monarch	1	MOD	MGB	3	1
10	2	Monarch	2	MOD	MGB	4	3
10	2	Monarch	OT	MOD	MGB	0	0
10	2	Wormy	1	MOD	MGB	3	2
10	2	Wormy	2	MOD	MGB	2	1
10	2	Wormy	OT	MOD	MGB	0	0
10	2	Monarch	1	MMT	MPBP	4	3
10	2	Monarch	2	MMT	MPBP	6	1
10	2	Monarch	OT	MMT	MPBP	0	0
10	2	Wormy	1	MMT	MPBP	5	1
10	2	Wormy	2	MMT	MPBP	4	1
10	2	Wormy	OT	MMT	MPBP	0	0
10	2	Monarch	1	MBD	MPNS	0	3
10	2	Monarch	2	MBD	MPNS	4	0
10	2	Monarch	OT	MBD	MPNS	0	0
10	2	Wormy	1	MBD	MPNS	2	1
10	2	Wormy	2	MBD	MPNS	1	2
10	2	Wormy	OT	MBD	MPNS	0	0
10	2	Monarch	1	MBAL	MHR	3	2
10	2	Monarch	2	MBAL	MHR	3	0
10	2	Monarch	OT	MBAL	MHR	0	0
10	2	Wormy	1	MBAL	MHR	1	2
10	2	Wormy	2	MBAL	MHR	2	4
10	2	Wormy	OT	MBAL	MHR	0	0
10	3	Wormy	1	MAB	MTHE	1	1
10	3	Wormy	2	MAB	MTHE	2	1
10	3	Wormy	OT	MAB	MTHE	0	0
10	3	TWP	1	MAB	MTHE	3	1
10	3	TWP	2	MAB	MTHE	3	4
10	3	TWP	OT	MAB	MTHE	0	0
10	3	Wormy	1	MHGW	MBC	1	5
10	3	Wormy	2	MHGW	MBC	4	3
10	3	Wormy	OT	MHGW	MBC	0	0
10	3	TWP	1	MHGW	MBC	1	5
10	3	TWP	2	MHGW	MBC	1	1
10	3	TWP	OT	MHGW	MBC	0	0
10	3	Wormy	1	MCD	MLSP	5	2
10	3	Wormy	2	MCD	MLSP	3	4
10	3	Wormy	OT	MCD	MLSP	0	0
10	3	TWP	1	MCD	MLSP	1	2
10	3	TWP	2	MCD	MLSP	2	2
10	3	TWP	OT	MCD	MLSP	0	0
10	3	Wormy	1	MTRS	MCJ	1	3
10	3	Wormy	2	MTRS	MCJ	2	4
10	3	Wormy	OT	MTRS	MCJ	0	0
10	3	TWP	1	MTRS	MCJ	0	1
10	3	TWP	2	MTRS	MCJ	0	4
10	3	TWP	OT	MTRS	MCJ	0	0
10	3	Wormy	1	MGB	MPNS	0	2
10	3	Wormy	2	MGB	MPNS	2	4
10	3	Wormy	OT	MGB	MPNS	0	0
10	3	TWP	1	MGB	MPNS	3	1
10	3	TWP	2	MGB	MPNS	0	4
10	3	TWP	OT	MGB	MPNS	0	0
10	3	Wormy	1	MBAL	MMT	0	3
10	3	Wormy	2	MBAL	MMT	2	1
10	3	Wormy	OT	MBAL	MMT	0	0
10	3	TWP	1	MBAL	MMT	1	1
10	3	TWP	2	MBAL	MMT	0	7
10	3	TWP	OT	MBAL	MMT	0	0
10	3	Wormy	1	MBD	MOD	3	1
10	3	Wormy	2	MBD	MOD	0	3
10	3	Wormy	OT	MBD	MOD	0	0
10	3	TWP	1	MBD	MOD	3	2
10	3	TWP	2	MBD	MOD	7	3
10	3	TWP	OT	MBD	MOD	0	0
10	3	Wormy	1	MHR	MPBP	3	5
10	3	Wormy	2	MHR	MPBP	2	2
10	3	Wormy	OT	MHR	MPBP	0	0
10	3	TWP	1	MHR	MPBP	3	2
10	3	TWP	2	MHR	MPBP	2	0
10	3	TWP	OT	MHR	MPBP	0	0
10	4	TWP	1	MTRS	MAB	5	2
10	4	TWP	2	MTRS	MAB	1	3
10	4	TWP	OT	MTRS	MAB	0	0
10	4	Boombox	1	MTRS	MAB	2	1
10	4	Boombox	2	MTRS	MAB	1	3
10	4	Boombox	OT	MTRS	MAB	0	0
10	4	TWP	1	MBC	MLSP	2	2
10	4	TWP	2	MBC	MLSP	0	5
10	4	TWP	OT	MBC	MLSP	0	0
10	4	Boombox	1	MBC	MLSP	1	1
10	4	Boombox	2	MBC	MLSP	3	3
10	4	Boombox	OT	MBC	MLSP	0	0
10	4	TWP	1	MCJ	MTHE	2	5
10	4	TWP	2	MCJ	MTHE	1	2
10	4	TWP	OT	MCJ	MTHE	0	0
10	4	Boombox	1	MCJ	MTHE	3	0
10	4	Boombox	2	MCJ	MTHE	2	0
10	4	Boombox	OT	MCJ	MTHE	0	0
10	4	TWP	1	MHGW	MCD	3	2
10	4	TWP	2	MHGW	MCD	3	3
10	4	TWP	OT	MHGW	MCD	0	0
10	4	Boombox	1	MHGW	MCD	3	3
10	4	Boombox	2	MHGW	MCD	3	2
10	4	Boombox	OT	MHGW	MCD	0	0
10	4	TWP	1	MHR	MGB	2	0
10	4	TWP	2	MHR	MGB	6	2
10	4	TWP	OT	MHR	MGB	0	0
10	4	Boombox	1	MHR	MGB	3	0
10	4	Boombox	2	MHR	MGB	1	1
10	4	Boombox	OT	MHR	MGB	0	0
10	4	TWP	1	MMT	MOD	4	4
10	4	TWP	2	MMT	MOD	2	2
10	4	TWP	OT	MMT	MOD	0	0
10	4	Boombox	1	MMT	MOD	8	2
10	4	Boombox	2	MMT	MOD	3	2
10	4	Boombox	OT	MMT	MOD	0	0
10	4	TWP	1	MPBP	MPNS	2	3
10	4	TWP	2	MPBP	MPNS	3	1
10	4	TWP	OT	MPBP	MPNS	0	0
10	4	Boombox	1	MPBP	MPNS	2	2
10	4	Boombox	2	MPBP	MPNS	3	3
10	4	Boombox	OT	MPBP	MPNS	0	0
10	4	TWP	1	MBAL	MBD	4	1
10	4	TWP	2	MBAL	MBD	7	0
10	4	TWP	OT	MBAL	MBD	0	0
10	4	Boombox	1	MBAL	MBD	1	3
10	4	Boombox	2	MBAL	MBD	1	0
10	4	Boombox	OT	MBAL	MBD	0	0
10	5	Boombox	1	MAB	MHGW	1	1
10	5	Boombox	2	MAB	MHGW	1	1
10	5	Boombox	OT	MAB	MHGW	0	0
10	5	Pilot	1	MAB	MHGW	1	4
10	5	Pilot	2	MAB	MHGW	6	2
10	5	Pilot	OT	MAB	MHGW	0	0
10	5	Boombox	1	MTHE	MBC	6	1
10	5	Boombox	2	MTHE	MBC	1	1
10	5	Boombox	OT	MTHE	MBC	0	0
10	5	Pilot	1	MTHE	MBC	0	2
10	5	Pilot	2	MTHE	MBC	3	0
10	5	Pilot	OT	MTHE	MBC	0	0
10	5	Boombox	1	MLSP	MTRS	3	0
10	5	Boombox	2	MLSP	MTRS	1	5
10	5	Boombox	OT	MLSP	MTRS	0	0
10	5	Pilot	1	MLSP	MTRS	1	4
10	5	Pilot	2	MLSP	MTRS	0	2
10	5	Pilot	OT	MLSP	MTRS	0	0
10	5	Boombox	1	MCD	MCJ	3	3
10	5	Boombox	2	MCD	MCJ	1	3
10	5	Boombox	OT	MCD	MCJ	0	0
10	5	Pilot	1	MCD	MCJ	2	3
10	5	Pilot	2	MCD	MCJ	2	5
10	5	Pilot	OT	MCD	MCJ	0	0
10	5	Boombox	1	MGB	MBAL	1	4
10	5	Boombox	2	MGB	MBAL	1	3
10	5	Boombox	OT	MGB	MBAL	0	0
10	5	Pilot	1	MGB	MBAL	1	8
10	5	Pilot	2	MGB	MBAL	1	7
10	5	Pilot	OT	MGB	MBAL	0	0
10	5	Boombox	1	MPNS	MMT	0	2
10	5	Boombox	2	MPNS	MMT	2	3
10	5	Boombox	OT	MPNS	MMT	0	0
10	5	Pilot	1	MPNS	MMT	1	4
10	5	Pilot	2	MPNS	MMT	4	1
10	5	Pilot	OT	MPNS	MMT	0	0
10	5	Boombox	1	MOD	MHR	2	2
10	5	Boombox	2	MOD	MHR	0	2
10	5	Boombox	OT	MOD	MHR	0	0
10	5	Pilot	1	MOD	MHR	0	6
10	5	Pilot	2	MOD	MHR	2	7
10	5	Pilot	OT	MOD	MHR	0	0
10	5	Boombox	1	MBD	MPBP	2	1
10	5	Boombox	2	MBD	MPBP	1	1
10	5	Boombox	OT	MBD	MPBP	0	0
10	5	Pilot	1	MBD	MPBP	3	4
10	5	Pilot	2	MBD	MPBP	1	5
10	5	Pilot	OT	MBD	MPBP	0	0
10	6	Pilot	1	MBC	MAB	2	2
10	6	Pilot	2	MBC	MAB	2	2
10	6	Pilot	OT	MBC	MAB	0	0
10	6	Smirk	1	MBC	MAB	3	5
10	6	Smirk	2	MBC	MAB	2	3
10	6	Smirk	OT	MBC	MAB	0	0
10	6	Pilot	1	MHGW	MTHE	2	3
10	6	Pilot	2	MHGW	MTHE	2	2
10	6	Pilot	OT	MHGW	MTHE	0	0
10	6	Smirk	1	MHGW	MTHE	3	1
10	6	Smirk	2	MHGW	MTHE	0	0
10	6	Smirk	OT	MHGW	MTHE	0	0
10	6	Pilot	1	MCJ	MLSP	4	3
10	6	Pilot	2	MCJ	MLSP	5	4
10	6	Pilot	OT	MCJ	MLSP	0	0
10	6	Smirk	1	MCJ	MLSP	4	4
10	6	Smirk	2	MCJ	MLSP	4	2
10	6	Smirk	OT	MCJ	MLSP	0	0
10	6	Pilot	1	MTRS	MCD	0	2
10	6	Pilot	2	MTRS	MCD	6	4
10	6	Pilot	OT	MTRS	MCD	0	0
10	6	Smirk	1	MTRS	MCD	3	3
10	6	Smirk	2	MTRS	MCD	4	3
10	6	Smirk	OT	MTRS	MCD	0	0
10	6	Pilot	1	MMT	MGB	15	1
10	6	Pilot	2	MMT	MGB	8	2
10	6	Pilot	OT	MMT	MGB	0	0
10	6	Smirk	1	MMT	MGB	6	1
10	6	Smirk	2	MMT	MGB	6	0
10	6	Smirk	OT	MMT	MGB	0	0
10	6	Pilot	1	MBAL	MPNS	3	5
10	6	Pilot	2	MBAL	MPNS	5	2
10	6	Pilot	OT	MBAL	MPNS	0	0
10	6	Smirk	1	MBAL	MPNS	6	0
10	6	Smirk	2	MBAL	MPNS	2	1
10	6	Smirk	OT	MBAL	MPNS	0	0
10	6	Pilot	1	MPBP	MOD	1	4
10	6	Pilot	2	MPBP	MOD	0	4
10	6	Pilot	OT	MPBP	MOD	0	0
10	6	Smirk	1	MPBP	MOD	3	5
10	6	Smirk	2	MPBP	MOD	3	2
10	6	Smirk	OT	MPBP	MOD	0	0
10	6	Pilot	1	MHR	MBD	8	1
10	6	Pilot	2	MHR	MBD	3	2
10	6	Pilot	OT	MHR	MBD	0	0
10	6	Smirk	1	MHR	MBD	2	2
10	6	Smirk	2	MHR	MBD	3	4
10	6	Smirk	OT	MHR	MBD	0	0
10	7	Smirk	1	MAB	MCD	1	0
10	7	Smirk	2	MAB	MCD	5	3
10	7	Smirk	OT	MAB	MCD	0	0
10	7	Scorpio	1	MAB	MCD	3	2
10	7	Scorpio	2	MAB	MCD	1	3
10	7	Scorpio	OT	MAB	MCD	0	0
10	7	Smirk	1	MTRS	MBC	2	4
10	7	Smirk	2	MTRS	MBC	3	1
10	7	Smirk	OT	MTRS	MBC	0	0
10	7	Scorpio	1	MTRS	MBC	2	2
10	7	Scorpio	2	MTRS	MBC	1	5
10	7	Scorpio	OT	MTRS	MBC	0	0
10	7	Smirk	1	MTHE	MLSP	6	0
10	7	Smirk	2	MTHE	MLSP	4	0
10	7	Smirk	OT	MTHE	MLSP	0	0
10	7	Scorpio	1	MTHE	MLSP	3	2
10	7	Scorpio	2	MTHE	MLSP	4	1
10	7	Scorpio	OT	MTHE	MLSP	0	0
10	7	Smirk	1	MCJ	MHGW	2	1
10	7	Smirk	2	MCJ	MHGW	5	3
10	7	Smirk	OT	MCJ	MHGW	0	0
10	7	Scorpio	1	MCJ	MHGW	1	4
10	7	Scorpio	2	MCJ	MHGW	3	6
10	7	Scorpio	OT	MCJ	MHGW	0	0
10	7	Smirk	1	MGB	MBD	1	3
10	7	Smirk	2	MGB	MBD	1	5
10	7	Smirk	OT	MGB	MBD	0	0
10	7	Scorpio	1	MGB	MBD	0	3
10	7	Scorpio	2	MGB	MBD	3	1
10	7	Scorpio	OT	MGB	MBD	0	0
10	7	Smirk	1	MHR	MMT	3	3
10	7	Smirk	2	MHR	MMT	0	3
10	7	Smirk	OT	MHR	MMT	0	0
10	7	Scorpio	1	MHR	MMT	5	0
10	7	Scorpio	2	MHR	MMT	4	5
10	7	Scorpio	OT	MHR	MMT	0	0
10	7	Smirk	1	MPNS	MOD	1	5
10	7	Smirk	2	MPNS	MOD	0	7
10	7	Smirk	OT	MPNS	MOD	0	0
10	7	Scorpio	1	MPNS	MOD	3	6
10	7	Scorpio	2	MPNS	MOD	0	4
10	7	Scorpio	OT	MPNS	MOD	0	0
10	7	Smirk	1	MPBP	MBAL	1	2
10	7	Smirk	2	MPBP	MBAL	2	2
10	7	Smirk	OT	MPBP	MBAL	0	0
10	7	Scorpio	1	MPBP	MBAL	5	2
10	7	Scorpio	2	MPBP	MBAL	1	3
10	7	Scorpio	OT	MPBP	MBAL	0	0
10	8	Scorpio	1	MTHE	MAB	0	2
10	8	Scorpio	2	MTHE	MAB	2	6
10	8	Scorpio	OT	MTHE	MAB	0	0
10	8	Rush	1	MTHE	MAB	5	3
10	8	Rush	2	MTHE	MAB	7	2
10	8	Rush	OT	MTHE	MAB	0	0
10	8	Scorpio	1	MBC	MHGW	1	5
10	8	Scorpio	2	MBC	MHGW	2	7
10	8	Scorpio	OT	MBC	MHGW	0	0
10	8	Rush	1	MBC	MHGW	3	6
10	8	Rush	2	MBC	MHGW	4	6
10	8	Rush	OT	MBC	MHGW	0	0
10	8	Scorpio	1	MLSP	MCD	6	1
10	8	Scorpio	2	MLSP	MCD	2	1
10	8	Scorpio	OT	MLSP	MCD	0	0
10	8	Rush	1	MLSP	MCD	0	1
10	8	Rush	2	MLSP	MCD	5	3
10	8	Rush	OT	MLSP	MCD	0	0
10	8	Scorpio	1	MTRS	MCJ	1	5
10	8	Scorpio	2	MTRS	MCJ	0	5
10	8	Scorpio	OT	MTRS	MCJ	0	0
10	8	Rush	1	MTRS	MCJ	2	2
10	8	Rush	2	MTRS	MCJ	3	10
10	8	Rush	OT	MTRS	MCJ	0	0
10	8	Scorpio	1	MPNS	MGB	3	5
10	8	Scorpio	2	MPNS	MGB	2	3
10	8	Scorpio	OT	MPNS	MGB	0	0
10	8	Rush	1	MPNS	MGB	1	5
10	8	Rush	2	MPNS	MGB	6	3
10	8	Rush	OT	MPNS	MGB	0	0
10	8	Scorpio	1	MMT	MBAL	2	1
10	8	Scorpio	2	MMT	MBAL	2	1
10	8	Scorpio	OT	MMT	MBAL	0	0
10	8	Rush	1	MMT	MBAL	9	4
10	8	Rush	2	MMT	MBAL	2	4
10	8	Rush	OT	MMT	MBAL	0	0
10	8	Scorpio	1	MOD	MBD	1	1
10	8	Scorpio	2	MOD	MBD	2	3
10	8	Scorpio	OT	MOD	MBD	0	0
10	8	Rush	1	MOD	MBD	4	4
10	8	Rush	2	MOD	MBD	11	1
10	8	Rush	OT	MOD	MBD	0	0
10	8	Scorpio	1	MHR	MPBP	3	1
10	8	Scorpio	2	MHR	MPBP	3	2
10	8	Scorpio	OT	MHR	MPBP	0	0
10	8	Rush	1	MHR	MPBP	3	4
10	8	Rush	2	MHR	MPBP	5	2
10	8	Rush	OT	MHR	MPBP	0	0
10	9	Rush	1	MAB	MCJ	2	2
10	9	Rush	2	MAB	MCJ	3	5
10	9	Rush	OT	MAB	MCJ	0	0
10	9	Transilio	1	MAB	MCJ	2	2
10	9	Transilio	2	MAB	MCJ	2	2
10	9	Transilio	OT	MAB	MCJ	0	0
10	9	Rush	1	MCD	MBC	0	1
10	9	Rush	2	MCD	MBC	4	2
10	9	Rush	OT	MCD	MBC	0	0
10	9	Transilio	1	MCD	MBC	0	4
10	9	Transilio	2	MCD	MBC	2	3
10	9	Transilio	OT	MCD	MBC	0	0
10	9	Rush	1	MTHE	MTRS	2	2
10	9	Rush	2	MTHE	MTRS	4	1
10	9	Rush	OT	MTHE	MTRS	0	0
10	9	Transilio	1	MTHE	MTRS	2	6
10	9	Transilio	2	MTHE	MTRS	5	2
10	9	Transilio	OT	MTHE	MTRS	0	0
10	9	Rush	1	MLSP	MHGW	4	3
10	9	Rush	2	MLSP	MHGW	1	9
10	9	Rush	OT	MLSP	MHGW	0	0
10	9	Transilio	1	MLSP	MHGW	2	1
10	9	Transilio	2	MLSP	MHGW	4	3
10	9	Transilio	OT	MLSP	MHGW	0	0
10	9	Rush	1	MGB	MPBP	1	1
10	9	Rush	2	MGB	MPBP	2	6
10	9	Rush	OT	MGB	MPBP	0	0
10	9	Transilio	1	MGB	MPBP	2	3
10	9	Transilio	2	MGB	MPBP	2	5
10	9	Transilio	OT	MGB	MPBP	0	0
10	9	Rush	1	MBD	MMT	1	4
10	9	Rush	2	MBD	MMT	2	5
10	9	Rush	OT	MBD	MMT	0	0
10	9	Transilio	1	MBD	MMT	3	2
10	9	Transilio	2	MBD	MMT	3	4
10	9	Transilio	OT	MBD	MMT	0	0
10	9	Rush	1	MPNS	MHR	3	4
10	9	Rush	2	MPNS	MHR	1	6
10	9	Rush	OT	MPNS	MHR	0	0
10	9	Transilio	1	MPNS	MHR	4	4
10	9	Transilio	2	MPNS	MHR	1	4
10	9	Transilio	OT	MPNS	MHR	0	0
10	9	Rush	1	MOD	MBAL	2	1
10	9	Rush	2	MOD	MBAL	2	2
10	9	Rush	OT	MOD	MBAL	0	0
10	9	Transilio	1	MOD	MBAL	2	2
10	9	Transilio	2	MOD	MBAL	7	2
10	9	Transilio	OT	MOD	MBAL	0	0
10	10	Transilio	1	MHGW	MAB	6	2
10	10	Transilio	2	MHGW	MAB	9	3
10	10	Transilio	OT	MHGW	MAB	0	0
10	10	EMERALD	1	MHGW	MAB	5	3
10	10	EMERALD	2	MHGW	MAB	5	4
10	10	EMERALD	OT	MHGW	MAB	0	0
10	10	Transilio	1	MBC	MTHE	2	2
10	10	Transilio	2	MBC	MTHE	4	7
10	10	Transilio	OT	MBC	MTHE	0	0
10	10	EMERALD	1	MBC	MTHE	2	4
10	10	EMERALD	2	MBC	MTHE	4	3
10	10	EMERALD	OT	MBC	MTHE	0	0
10	10	Transilio	1	MTRS	MLSP	4	2
10	10	Transilio	2	MTRS	MLSP	4	4
10	10	Transilio	OT	MTRS	MLSP	0	0
10	10	EMERALD	1	MTRS	MLSP	11	0
10	10	EMERALD	2	MTRS	MLSP	9	4
10	10	EMERALD	OT	MTRS	MLSP	0	0
10	10	Transilio	1	MCD	MCJ	1	3
10	10	Transilio	2	MCD	MCJ	2	7
10	10	Transilio	OT	MCD	MCJ	0	0
10	10	EMERALD	1	MCD	MCJ	2	4
10	10	EMERALD	2	MCD	MCJ	5	3
10	10	EMERALD	OT	MCD	MCJ	0	0
10	10	Transilio	1	MBAL	MGB	6	3
10	10	Transilio	2	MBAL	MGB	4	2
10	10	Transilio	OT	MBAL	MGB	0	0
10	10	EMERALD	1	MBAL	MGB	5	3
10	10	EMERALD	2	MBAL	MGB	9	3
10	10	EMERALD	OT	MBAL	MGB	0	0
10	10	Transilio	1	MMT	MPNS	10	0
10	10	Transilio	2	MMT	MPNS	5	4
10	10	Transilio	OT	MMT	MPNS	0	0
10	10	EMERALD	1	MMT	MPNS	9	1
10	10	EMERALD	2	MMT	MPNS	8	2
10	10	EMERALD	OT	MMT	MPNS	0	0
10	10	Transilio	1	MHR	MOD	6	1
10	10	Transilio	2	MHR	MOD	7	2
10	10	Transilio	OT	MHR	MOD	0	0
10	10	EMERALD	1	MHR	MOD	11	4
10	10	EMERALD	2	MHR	MOD	12	1
10	10	EMERALD	OT	MHR	MOD	0	0
10	10	Transilio	1	MBD	MPBP	5	2
10	10	Transilio	2	MBD	MPBP	8	1
10	10	Transilio	OT	MBD	MPBP	0	0
10	10	EMERALD	1	MBD	MPBP	2	5
10	10	EMERALD	2	MBD	MPBP	5	1
10	10	EMERALD	OT	MBD	MPBP	0	0
11	1	Pilot	1	MTHS	MMBM	9	0
11	1	Pilot	2	MTHS	MMBM	4	2
11	1	Pilot	OT	MTHS	MMBM	0	0
11	1	Rush	1	MTHS	MMBM	4	4
11	1	Rush	2	MTHS	MMBM	5	4
11	1	Rush	OT	MTHS	MMBM	0	0
11	1	Pilot	1	MTRS	MSH	3	2
11	1	Pilot	2	MTRS	MSH	3	2
11	1	Pilot	OT	MTRS	MSH	0	0
11	1	Rush	1	MTRS	MSH	1	4
11	1	Rush	2	MTRS	MSH	0	5
11	1	Rush	OT	MTRS	MSH	0	0
11	1	Pilot	1	MDOF	MLC	2	1
11	1	Pilot	2	MDOF	MLC	3	2
11	1	Pilot	OT	MDOF	MLC	0	0
11	1	Rush	1	MDOF	MLC	7	1
11	1	Rush	2	MDOF	MLC	1	2
11	1	Rush	OT	MDOF	MLC	0	0
11	1	Pilot	1	MBNH	MHR	4	2
11	1	Pilot	2	MBNH	MHR	7	1
11	1	Pilot	OT	MBNH	MHR	0	0
11	1	Rush	1	MBNH	MHR	6	0
11	1	Rush	2	MBNH	MHR	4	3
11	1	Rush	OT	MBNH	MHR	0	0
11	1	Pilot	1	MBOP	MBD	4	3
11	1	Pilot	2	MBOP	MBD	2	3
11	1	Pilot	OT	MBOP	MBD	0	0
11	1	Rush	1	MBOP	MBD	1	1
11	1	Rush	2	MBOP	MBD	6	4
11	1	Rush	OT	MBOP	MBD	0	0
11	1	Pilot	1	MHGW	MROP	7	2
11	1	Pilot	2	MHGW	MROP	1	1
11	1	Pilot	OT	MHGW	MROP	0	0
11	1	Rush	1	MHGW	MROP	6	1
11	1	Rush	2	MHGW	MROP	7	2
11	1	Rush	OT	MHGW	MROP	0	0
11	2	Rush	1	MBOP	MDOF	4	1
11	2	Rush	2	MBOP	MDOF	4	4
11	2	Rush	OT	MBOP	MDOF	0	0
11	2	Birch	1	MBOP	MDOF	5	2
11	2	Birch	2	MBOP	MDOF	5	3
11	2	Birch	OT	MBOP	MDOF	0	0
11	2	Rush	1	MHR	MLC	5	2
11	2	Rush	2	MHR	MLC	1	3
11	2	Rush	OT	MHR	MLC	0	0
11	2	Birch	1	MHR	MLC	5	1
11	2	Birch	2	MHR	MLC	4	2
11	2	Birch	OT	MHR	MLC	0	0
11	2	Rush	1	MBD	MBNH	2	1
11	2	Rush	2	MBD	MBNH	5	5
11	2	Rush	OT	MBD	MBNH	0	0
11	2	Birch	1	MBD	MBNH	4	1
11	2	Birch	2	MBD	MBNH	3	0
11	2	Birch	OT	MBD	MBNH	0	0
11	2	Rush	1	MTRS	MHGW	3	1
11	2	Rush	2	MTRS	MHGW	2	1
11	2	Rush	OT	MTRS	MHGW	0	0
11	2	Birch	1	MTRS	MHGW	7	1
11	2	Birch	2	MTRS	MHGW	5	1
11	2	Birch	OT	MTRS	MHGW	0	0
11	2	Rush	1	MMBM	MROP	5	2
11	2	Rush	2	MMBM	MROP	5	4
11	2	Rush	OT	MMBM	MROP	0	0
11	2	Birch	1	MMBM	MROP	3	1
11	2	Birch	2	MMBM	MROP	5	1
11	2	Birch	OT	MMBM	MROP	0	0
11	2	Rush	1	MSH	MTHS	3	4
11	2	Rush	2	MSH	MTHS	1	6
11	2	Rush	OT	MSH	MTHS	0	0
11	2	Birch	1	MSH	MTHS	2	0
11	2	Birch	2	MSH	MTHS	4	4
11	2	Birch	OT	MSH	MTHS	0	0
11	3	Birch	1	MBNH	MTHS	2	5
11	3	Birch	2	MBNH	MTHS	0	22
11	3	Birch	OT	MBNH	MTHS	0	0
11	3	Transilio	1	MBNH	MTHS	3	4
11	3	Transilio	2	MBNH	MTHS	0	8
11	3	Transilio	OT	MBNH	MTHS	0	0
11	3	Birch	1	MLC	MTRS	3	2
11	3	Birch	2	MLC	MTRS	2	2
11	3	Birch	OT	MLC	MTRS	0	0
11	3	Transilio	1	MLC	MTRS	1	2
11	3	Transilio	2	MLC	MTRS	2	1
11	3	Transilio	OT	MLC	MTRS	0	0
11	3	Birch	1	MDOF	MHGW	1	2
11	3	Birch	2	MDOF	MHGW	5	3
11	3	Birch	OT	MDOF	MHGW	0	0
11	3	Transilio	1	MDOF	MHGW	2	4
11	3	Transilio	2	MDOF	MHGW	3	5
11	3	Transilio	OT	MDOF	MHGW	0	0
11	3	Birch	1	MHR	MROP	5	1
11	3	Birch	2	MHR	MROP	5	0
11	3	Birch	OT	MHR	MROP	0	0
11	3	Transilio	1	MHR	MROP	0	4
11	3	Transilio	2	MHR	MROP	5	2
11	3	Transilio	OT	MHR	MROP	0	0
11	3	Birch	1	MBOP	MSH	3	4
11	3	Birch	2	MBOP	MSH	1	5
11	3	Birch	OT	MBOP	MSH	0	0
11	3	Transilio	1	MBOP	MSH	1	3
11	3	Transilio	2	MBOP	MSH	3	5
11	3	Transilio	OT	MBOP	MSH	0	0
11	4	Transilio	1	MBD	MDOF	6	2
11	4	Transilio	2	MBD	MDOF	7	0
11	4	Transilio	OT	MBD	MDOF	0	0
11	4	Jardim	1	MBD	MDOF	10	1
11	4	Jardim	2	MBD	MDOF	9	2
11	4	Jardim	OT	MBD	MDOF	0	0
11	4	Transilio	1	MHR	MBOP	3	2
11	4	Transilio	2	MHR	MBOP	1	7
11	4	Transilio	OT	MHR	MBOP	0	0
11	4	Jardim	1	MHR	MBOP	3	8
11	4	Jardim	2	MHR	MBOP	7	12
11	4	Jardim	OT	MHR	MBOP	0	0
11	4	Transilio	1	MBNH	MLC	1	3
11	4	Transilio	2	MBNH	MLC	2	5
11	4	Transilio	OT	MBNH	MLC	0	0
11	4	Jardim	1	MBNH	MLC	4	5
11	4	Jardim	2	MBNH	MLC	4	4
11	4	Jardim	OT	MBNH	MLC	0	0
11	4	Transilio	1	MSH	MHGW	5	2
11	4	Transilio	2	MSH	MHGW	5	2
11	4	Transilio	OT	MSH	MHGW	0	0
11	4	Jardim	1	MSH	MHGW	7	4
11	4	Jardim	2	MSH	MHGW	3	5
11	4	Jardim	OT	MSH	MHGW	0	0
11	4	Transilio	1	MMBM	MTRS	2	6
11	4	Transilio	2	MMBM	MTRS	4	1
11	4	Transilio	OT	MMBM	MTRS	0	0
11	4	Jardim	1	MMBM	MTRS	3	0
11	4	Jardim	2	MMBM	MTRS	6	8
11	4	Jardim	OT	MMBM	MTRS	0	0
11	4	Transilio	1	MTHS	MROP	2	1
11	4	Transilio	2	MTHS	MROP	7	1
11	4	Transilio	OT	MTHS	MROP	0	0
11	4	Jardim	1	MTHS	MROP	7	2
11	4	Jardim	2	MTHS	MROP	5	4
11	4	Jardim	OT	MTHS	MROP	0	0
11	5	Jardim	1	MDOF	MBNH	5	2
11	5	Jardim	2	MDOF	MBNH	7	3
11	5	Jardim	OT	MDOF	MBNH	0	0
11	5	Scorpio	1	MDOF	MBNH	3	2
11	5	Scorpio	2	MDOF	MBNH	3	1
11	5	Scorpio	OT	MDOF	MBNH	0	0
11	5	Jardim	1	MLC	MBOP	5	6
11	5	Jardim	2	MLC	MBOP	6	5
11	5	Jardim	OT	MLC	MBOP	0	0
11	5	Scorpio	1	MLC	MBOP	3	4
11	5	Scorpio	2	MLC	MBOP	2	6
11	5	Scorpio	OT	MLC	MBOP	0	0
11	5	Jardim	1	MBD	MHR	7	2
11	5	Jardim	2	MBD	MHR	5	1
11	5	Jardim	OT	MBD	MHR	0	0
11	5	Scorpio	1	MBD	MHR	5	3
11	5	Scorpio	2	MBD	MHR	5	1
11	5	Scorpio	OT	MBD	MHR	0	0
11	5	Jardim	1	MHGW	MTHS	5	3
11	5	Jardim	2	MHGW	MTHS	2	9
11	5	Jardim	OT	MHGW	MTHS	0	0
11	5	Scorpio	1	MHGW	MTHS	3	5
11	5	Scorpio	2	MHGW	MTHS	1	2
11	5	Scorpio	OT	MHGW	MTHS	0	0
11	5	Jardim	1	MROP	MTRS	1	3
11	5	Jardim	2	MROP	MTRS	4	6
11	5	Jardim	OT	MROP	MTRS	0	0
11	5	Scorpio	1	MROP	MTRS	1	3
11	5	Scorpio	2	MROP	MTRS	3	3
11	5	Scorpio	OT	MROP	MTRS	0	0
11	5	Jardim	1	MSH	MMBM	4	7
11	5	Jardim	2	MSH	MMBM	5	4
11	5	Jardim	OT	MSH	MMBM	0	0
11	5	Scorpio	1	MSH	MMBM	4	5
11	5	Scorpio	2	MSH	MMBM	9	2
11	5	Scorpio	OT	MSH	MMBM	0	0
11	6	Scorpio	1	MHR	MTHS	1	5
11	6	Scorpio	2	MHR	MTHS	1	1
11	6	Scorpio	OT	MHR	MTHS	0	0
11	6	EMERALD	1	MHR	MTHS	5	4
11	6	EMERALD	2	MHR	MTHS	7	3
11	6	EMERALD	OT	MHR	MTHS	0	0
11	6	Scorpio	1	MBD	MTRS	9	1
11	6	Scorpio	2	MBD	MTRS	3	3
11	6	Scorpio	OT	MBD	MTRS	0	0
11	6	EMERALD	1	MBD	MTRS	3	5
11	6	EMERALD	2	MBD	MTRS	3	3
11	6	EMERALD	OT	MBD	MTRS	0	0
11	6	Scorpio	1	MBOP	MHGW	6	4
11	6	Scorpio	2	MBOP	MHGW	6	1
11	6	Scorpio	OT	MBOP	MHGW	0	0
11	6	EMERALD	1	MBOP	MHGW	11	2
11	6	EMERALD	2	MBOP	MHGW	13	3
11	6	EMERALD	OT	MBOP	MHGW	0	0
11	6	Scorpio	1	MLC	MMBM	2	3
11	6	Scorpio	2	MLC	MMBM	2	10
11	6	Scorpio	OT	MLC	MMBM	0	0
11	6	EMERALD	1	MLC	MMBM	1	8
11	6	EMERALD	2	MLC	MMBM	5	10
11	6	EMERALD	OT	MLC	MMBM	0	0
11	6	Scorpio	1	MDOF	MROP	1	6
11	6	Scorpio	2	MDOF	MROP	9	1
11	6	Scorpio	OT	MDOF	MROP	0	0
11	6	EMERALD	1	MDOF	MROP	2	6
11	6	EMERALD	2	MDOF	MROP	4	3
11	6	EMERALD	OT	MDOF	MROP	0	0
11	7	EMERALD	1	MBNH	MBOP	1	8
11	7	EMERALD	2	MBNH	MBOP	4	10
11	7	EMERALD	OT	MBNH	MBOP	0	0
11	7	Pilot	1	MBNH	MBOP	2	8
11	7	Pilot	2	MBNH	MBOP	2	10
11	7	Pilot	OT	MBNH	MBOP	0	0
11	7	EMERALD	1	MLC	MBD	7	6
11	7	EMERALD	2	MLC	MBD	0	2
11	7	EMERALD	OT	MLC	MBD	0	0
11	7	Pilot	1	MLC	MBD	1	7
11	7	Pilot	2	MLC	MBD	3	2
11	7	Pilot	OT	MLC	MBD	0	0
11	7	EMERALD	1	MDOF	MHR	5	3
11	7	EMERALD	2	MDOF	MHR	1	8
11	7	EMERALD	OT	MDOF	MHR	0	0
11	7	Pilot	1	MDOF	MHR	3	4
11	7	Pilot	2	MDOF	MHR	7	4
11	7	Pilot	OT	MDOF	MHR	0	0
11	7	EMERALD	1	MTHS	MTRS	4	2
11	7	EMERALD	2	MTHS	MTRS	9	5
11	7	EMERALD	OT	MTHS	MTRS	0	0
11	7	Pilot	1	MTHS	MTRS	2	3
11	7	Pilot	2	MTHS	MTRS	3	1
11	7	Pilot	OT	MTHS	MTRS	0	0
11	7	EMERALD	1	MROP	MSH	2	2
11	7	EMERALD	2	MROP	MSH	2	4
11	7	EMERALD	OT	MROP	MSH	0	0
11	7	Pilot	1	MROP	MSH	3	6
11	7	Pilot	2	MROP	MSH	0	6
11	7	Pilot	OT	MROP	MSH	0	0
11	7	EMERALD	1	MHGW	MMBM	3	4
11	7	EMERALD	2	MHGW	MMBM	3	4
11	7	EMERALD	OT	MHGW	MMBM	0	0
11	7	Pilot	1	MHGW	MMBM	2	5
11	7	Pilot	2	MHGW	MMBM	2	4
11	7	Pilot	OT	MHGW	MMBM	0	0
11	3	Birch	1	MBD	MMBM	0	2
11	3	Birch	2	MBD	MMBM	2	2
11	3	Birch	OT	MBD	MMBM	0	0
11	3	Transilio	1	MBD	MMBM	4	6
11	3	Transilio	2	MBD	MMBM	1	6
11	3	Transilio	OT	MBD	MMBM	0	0
11	6	Community	1	MBNH	MSH	1	4
11	6	Community	2	MBNH	MSH	2	2
11	6	Community	OT	MBNH	MSH	0	0
11	6	EMERALD	1	MBNH	MSH	1	5
11	6	EMERALD	2	MBNH	MSH	4	4
11	6	EMERALD	OT	MBNH	MSH	0	0
12	1	Pilot	1	MTC	MLC	3	2
12	1	Pilot	2	MTC	MLC	1	1
12	1	Pilot	OT	MTC	MLC	0	0
12	1	Rush	1	MTC	MLC	7	1
12	1	Rush	2	MTC	MLC	3	3
12	1	Rush	OT	MTC	MLC	0	0
12	1	Pilot	1	MBD	MORB	4	3
12	1	Pilot	2	MBD	MORB	4	4
12	1	Pilot	OT	MBD	MORB	0	0
12	1	Rush	1	MBD	MORB	6	0
12	1	Rush	2	MBD	MORB	4	2
12	1	Rush	OT	MBD	MORB	0	0
12	1	Pilot	1	MDOF	MMT	0	4
12	1	Pilot	2	MDOF	MMT	0	3
12	1	Pilot	OT	MDOF	MMT	0	0
12	1	Rush	1	MDOF	MMT	4	6
12	1	Rush	2	MDOF	MMT	1	10
12	1	Rush	OT	MDOF	MMT	0	0
12	1	Pilot	1	MACP	MAC	1	0
12	1	Pilot	2	MACP	MAC	3	5
12	1	Pilot	OT	MACP	MAC	0	0
12	1	Rush	1	MACP	MAC	2	5
12	1	Rush	2	MACP	MAC	3	5
12	1	Rush	OT	MACP	MAC	0	0
12	1	Pilot	1	MTRS	MMBM	1	0
12	1	Pilot	2	MTRS	MMBM	1	2
12	1	Pilot	OT	MTRS	MMBM	3	5
12	1	Rush	1	MTRS	MMBM	5	1
12	1	Rush	2	MTRS	MMBM	1	4
12	1	Rush	OT	MTRS	MMBM	0	0
12	1	Pilot	1	MBNH	MHGW	7	1
12	1	Pilot	2	MBNH	MHGW	2	3
12	1	Pilot	OT	MBNH	MHGW	0	0
12	1	Rush	1	MBNH	MHGW	3	2
12	1	Rush	2	MBNH	MHGW	3	3
12	1	Rush	OT	MBNH	MHGW	0	0
12	3	Cedar	1	MLC	MACP	3	8
12	3	Cedar	2	MLC	MACP	5	4
12	3	Cedar	OT	MLC	MACP	0	0
12	3	Scorpio	1	MLC	MACP	3	2
12	3	Scorpio	2	MLC	MACP	3	1
12	3	Scorpio	OT	MLC	MACP	0	0
12	2	Rush	1	MLC	MMT	3	5
12	2	Rush	2	MLC	MMT	5	6
12	2	Rush	OT	MLC	MMT	0	0
12	2	Cedar	1	MLC	MMT	1	6
12	2	Cedar	2	MLC	MMT	2	5
12	2	Cedar	OT	MLC	MMT	0	0
12	2	Rush	1	MTC	MBD	3	4
12	2	Rush	2	MTC	MBD	3	3
12	2	Rush	OT	MTC	MBD	0	0
12	2	Cedar	1	MTC	MBD	10	3
12	2	Cedar	2	MTC	MBD	9	2
12	2	Cedar	OT	MTC	MBD	0	0
12	2	Rush	1	MDOF	MORB	3	6
12	2	Rush	2	MDOF	MORB	4	7
12	2	Rush	OT	MDOF	MORB	0	0
12	2	Cedar	1	MDOF	MORB	4	11
12	2	Cedar	2	MDOF	MORB	3	8
12	2	Cedar	OT	MDOF	MORB	0	0
12	2	Rush	1	MACP	MHGW	2	3
12	2	Rush	2	MACP	MHGW	0	2
12	2	Rush	OT	MACP	MHGW	0	0
12	2	Cedar	1	MACP	MHGW	4	7
12	2	Cedar	2	MACP	MHGW	4	4
12	2	Cedar	OT	MACP	MHGW	0	0
12	2	Rush	1	MAC	MTRS	4	1
12	2	Rush	2	MAC	MTRS	5	3
12	2	Rush	OT	MAC	MTRS	0	0
12	2	Cedar	1	MAC	MTRS	4	1
12	2	Cedar	2	MAC	MTRS	7	2
12	2	Cedar	OT	MAC	MTRS	0	0
12	2	Rush	1	MBNH	MMBM	4	5
12	2	Rush	2	MBNH	MMBM	3	2
12	2	Rush	OT	MBNH	MMBM	3	1
12	2	Cedar	1	MBNH	MMBM	3	3
12	2	Cedar	2	MBNH	MMBM	6	4
12	2	Cedar	OT	MBNH	MMBM	0	0
12	3	Cedar	1	MTC	MAC	3	2
12	3	Cedar	2	MTC	MAC	5	5
12	3	Cedar	OT	MTC	MAC	0	0
12	3	Scorpio	1	MTC	MAC	3	7
12	3	Scorpio	2	MTC	MAC	4	5
12	3	Scorpio	OT	MTC	MAC	0	0
12	3	Cedar	1	MMT	MHGW	2	4
12	3	Cedar	2	MMT	MHGW	1	11
12	3	Cedar	OT	MMT	MHGW	0	0
12	3	Scorpio	1	MMT	MHGW	0	2
12	3	Scorpio	2	MMT	MHGW	5	2
12	3	Scorpio	OT	MMT	MHGW	0	0
12	3	Cedar	1	MBD	MTRS	1	4
12	3	Cedar	2	MBD	MTRS	4	6
12	3	Cedar	OT	MBD	MTRS	0	0
12	3	Scorpio	1	MBD	MTRS	2	3
12	3	Scorpio	2	MBD	MTRS	9	6
12	3	Scorpio	OT	MBD	MTRS	0	0
12	3	Cedar	1	MORB	MMBM	1	4
12	3	Cedar	2	MORB	MMBM	4	9
12	3	Cedar	OT	MORB	MMBM	0	0
12	3	Scorpio	1	MORB	MMBM	2	2
12	3	Scorpio	2	MORB	MMBM	3	6
12	3	Scorpio	OT	MORB	MMBM	0	0
12	3	Cedar	1	MDOF	MBNH	2	5
12	3	Cedar	2	MDOF	MBNH	0	10
12	3	Cedar	OT	MDOF	MBNH	0	0
12	3	Scorpio	1	MDOF	MBNH	1	9
12	3	Scorpio	2	MDOF	MBNH	1	6
12	3	Scorpio	OT	MDOF	MBNH	0	0
12	4	Scorpio	1	MLC	MBD	5	2
12	4	Scorpio	2	MLC	MBD	3	5
12	4	Scorpio	OT	MLC	MBD	0	0
12	4	Transilio	1	MLC	MBD	2	4
12	4	Transilio	2	MLC	MBD	4	5
12	4	Transilio	OT	MLC	MBD	0	0
12	4	Scorpio	1	MTC	MDOF	4	2
12	4	Scorpio	2	MTC	MDOF	3	6
12	4	Scorpio	OT	MTC	MDOF	0	0
12	4	Transilio	1	MTC	MDOF	4	2
12	4	Transilio	2	MTC	MDOF	5	1
12	4	Transilio	OT	MTC	MDOF	0	0
12	4	Scorpio	1	MMT	MORB	3	3
12	4	Scorpio	2	MMT	MORB	3	6
12	4	Scorpio	OT	MMT	MORB	0	0
12	4	Transilio	1	MMT	MORB	1	6
12	4	Transilio	2	MMT	MORB	5	5
12	4	Transilio	OT	MMT	MORB	0	0
12	4	Scorpio	1	MACP	MTRS	0	4
12	4	Scorpio	2	MACP	MTRS	5	3
12	4	Scorpio	OT	MACP	MTRS	0	0
12	4	Transilio	1	MACP	MTRS	1	6
12	4	Transilio	2	MACP	MTRS	3	2
12	4	Transilio	OT	MACP	MTRS	0	0
12	4	Scorpio	1	MAC	MBNH	4	4
12	4	Scorpio	2	MAC	MBNH	3	4
12	4	Scorpio	OT	MAC	MBNH	0	0
12	4	Transilio	1	MAC	MBNH	2	5
12	4	Transilio	2	MAC	MBNH	1	3
12	4	Transilio	OT	MAC	MBNH	0	0
12	4	Scorpio	1	MHGW	MMBM	3	2
12	4	Scorpio	2	MHGW	MMBM	3	1
12	4	Scorpio	OT	MHGW	MMBM	0	0
12	4	Transilio	1	MHGW	MMBM	3	2
12	4	Transilio	2	MHGW	MMBM	6	2
12	4	Transilio	OT	MHGW	MMBM	0	0
12	5	Transilio	1	MLC	MHGW	3	3
12	5	Transilio	2	MLC	MHGW	3	2
12	5	Transilio	OT	MLC	MHGW	0	0
12	5	Constriction	1	MLC	MHGW	1	3
12	5	Constriction	2	MLC	MHGW	3	3
12	5	Constriction	OT	MLC	MHGW	0	0
12	5	Transilio	1	MTC	MTRS	2	6
12	5	Transilio	2	MTC	MTRS	3	7
12	5	Transilio	OT	MTC	MTRS	0	0
12	5	Constriction	1	MTC	MTRS	1	0
12	5	Constriction	2	MTC	MTRS	2	6
12	5	Constriction	OT	MTC	MTRS	0	0
12	5	Transilio	1	MDOF	MMBM	1	2
12	5	Transilio	2	MDOF	MMBM	3	4
12	5	Transilio	OT	MDOF	MMBM	0	0
12	5	Constriction	1	MDOF	MMBM	2	4
12	5	Constriction	2	MDOF	MMBM	0	5
12	5	Constriction	OT	MDOF	MMBM	0	0
12	5	Transilio	1	MMT	MACP	9	0
12	5	Transilio	2	MMT	MACP	2	5
12	5	Transilio	OT	MMT	MACP	0	0
12	5	Constriction	1	MMT	MACP	3	2
12	5	Constriction	2	MMT	MACP	7	1
12	5	Constriction	OT	MMT	MACP	0	0
12	5	Transilio	1	MBD	MAC	1	4
12	5	Transilio	2	MBD	MAC	3	1
12	5	Transilio	OT	MBD	MAC	0	0
12	5	Constriction	1	MBD	MAC	1	6
12	5	Constriction	2	MBD	MAC	3	2
12	5	Constriction	OT	MBD	MAC	0	0
12	5	Transilio	1	MORB	MBNH	1	3
12	5	Transilio	2	MORB	MBNH	7	2
12	5	Transilio	OT	MORB	MBNH	0	0
12	5	Constriction	1	MORB	MBNH	2	0
12	5	Constriction	2	MORB	MBNH	5	2
12	5	Constriction	OT	MORB	MBNH	0	0
12	6	Constriction	1	MLC	MDOF	1	2
12	6	Constriction	2	MLC	MDOF	3	4
12	6	Constriction	OT	MLC	MDOF	0	0
12	6	EMERALD	1	MLC	MDOF	2	3
12	6	EMERALD	2	MLC	MDOF	5	6
12	6	EMERALD	OT	MLC	MDOF	0	0
12	6	Constriction	1	MTC	MORB	2	0
12	6	Constriction	2	MTC	MORB	3	3
12	6	Constriction	OT	MTC	MORB	0	0
12	6	EMERALD	1	MTC	MORB	7	4
12	6	EMERALD	2	MTC	MORB	7	2
12	6	EMERALD	OT	MTC	MORB	0	0
12	6	Constriction	1	MMT	MBD	0	2
12	6	Constriction	2	MMT	MBD	1	0
12	6	Constriction	OT	MMT	MBD	0	0
12	6	EMERALD	1	MMT	MBD	6	5
12	6	EMERALD	2	MMT	MBD	2	5
12	6	EMERALD	OT	MMT	MBD	0	0
12	6	Constriction	1	MACP	MBNH	2	7
12	6	Constriction	2	MACP	MBNH	2	5
12	6	Constriction	OT	MACP	MBNH	0	0
12	6	EMERALD	1	MACP	MBNH	2	5
12	6	EMERALD	2	MACP	MBNH	0	12
12	6	EMERALD	OT	MACP	MBNH	0	0
12	6	Constriction	1	MAC	MMBM	2	2
12	6	Constriction	2	MAC	MMBM	7	1
12	6	Constriction	OT	MAC	MMBM	0	0
12	6	EMERALD	1	MAC	MMBM	9	4
12	6	EMERALD	2	MAC	MMBM	4	3
12	6	EMERALD	OT	MAC	MMBM	0	0
12	6	Constriction	1	MHGW	MTRS	3	6
12	6	Constriction	2	MHGW	MTRS	6	2
12	6	Constriction	OT	MHGW	MTRS	0	0
12	6	EMERALD	1	MHGW	MTRS	6	1
12	6	EMERALD	2	MHGW	MTRS	11	5
12	6	EMERALD	OT	MHGW	MTRS	0	0
12	7	EMERALD	1	MLC	MORB	2	6
12	7	EMERALD	2	MLC	MORB	3	1
12	7	EMERALD	OT	MLC	MORB	0	0
12	7	Pilot	1	MLC	MORB	4	3
12	7	Pilot	2	MLC	MORB	1	5
12	7	Pilot	OT	MLC	MORB	0	0
12	7	EMERALD	1	MTC	MMT	2	7
12	7	EMERALD	2	MTC	MMT	1	9
12	7	EMERALD	OT	MTC	MMT	0	0
12	7	Pilot	1	MTC	MMT	1	6
12	7	Pilot	2	MTC	MMT	1	2
12	7	Pilot	OT	MTC	MMT	0	0
12	7	EMERALD	1	MDOF	MBD	2	9
12	7	EMERALD	2	MDOF	MBD	2	5
12	7	EMERALD	OT	MDOF	MBD	0	0
12	7	Pilot	1	MDOF	MBD	4	6
12	7	Pilot	2	MDOF	MBD	2	4
12	7	Pilot	OT	MDOF	MBD	0	0
12	7	EMERALD	1	MACP	MMBM	1	19
12	7	EMERALD	2	MACP	MMBM	4	8
12	7	EMERALD	OT	MACP	MMBM	0	0
12	7	Pilot	1	MACP	MMBM	1	8
12	7	Pilot	2	MACP	MMBM	2	2
12	7	Pilot	OT	MACP	MMBM	0	0
12	7	EMERALD	1	MAC	MHGW	1	2
12	7	EMERALD	2	MAC	MHGW	4	9
12	7	EMERALD	OT	MAC	MHGW	0	0
12	7	Pilot	1	MAC	MHGW	6	3
12	7	Pilot	2	MAC	MHGW	3	2
12	7	Pilot	OT	MAC	MHGW	0	0
12	7	EMERALD	1	MBNH	MTRS	1	10
12	7	EMERALD	2	MBNH	MTRS	5	4
12	7	EMERALD	OT	MBNH	MTRS	0	0
12	7	Pilot	1	MBNH	MTRS	6	2
12	7	Pilot	2	MBNH	MTRS	9	2
12	7	Pilot	OT	MBNH	MTRS	0	0
13	1	EMERALD	1	MOD	MBBC	2	2
13	1	EMERALD	2	MOD	MBBC	3	2
13	1	EMERALD	OT	MOD	MBBC	0	0
13	1	Cedar	1	MOD	MBBC	0	3
13	1	Cedar	2	MOD	MBBC	5	5
13	1	Cedar	OT	MOD	MBBC	0	0
13	1	EMERALD	1	MTC	MNYT	6	3
13	1	EMERALD	2	MTC	MNYT	6	4
13	1	EMERALD	OT	MTC	MNYT	0	0
13	1	Cedar	1	MTC	MNYT	4	4
13	1	Cedar	2	MTC	MNYT	2	1
13	1	Cedar	OT	MTC	MNYT	0	0
13	1	EMERALD	1	MCJ	MBD	1	4
13	1	EMERALD	2	MCJ	MBD	2	4
13	1	EMERALD	OT	MCJ	MBD	0	0
13	1	Cedar	1	MCJ	MBD	4	2
13	1	Cedar	2	MCJ	MBD	1	6
13	1	Cedar	OT	MCJ	MBD	0	0
13	1	EMERALD	1	MSPK	MS7J	5	0
13	1	EMERALD	2	MSPK	MS7J	10	4
13	1	EMERALD	OT	MSPK	MS7J	0	0
13	1	Cedar	1	MSPK	MS7J	3	3
13	1	Cedar	2	MSPK	MS7J	3	1
13	1	Cedar	OT	MSPK	MS7J	0	0
13	1	EMERALD	1	MBNH	MTRS	8	3
13	1	EMERALD	2	MBNH	MTRS	4	5
13	1	EMERALD	OT	MBNH	MTRS	0	0
13	1	Cedar	1	MBNH	MTRS	2	4
13	1	Cedar	2	MBNH	MTRS	5	1
13	1	Cedar	OT	MBNH	MTRS	0	0
13	1	EMERALD	1	RHCP	M13S	2	6
13	1	EMERALD	2	RHCP	M13S	4	1
13	1	EMERALD	OT	RHCP	M13S	0	0
13	1	Cedar	1	RHCP	M13S	1	2
13	1	Cedar	2	RHCP	M13S	7	2
13	1	Cedar	OT	RHCP	M13S	0	0
13	2	Cedar	1	MCJ	MOD	3	5
13	2	Cedar	2	MCJ	MOD	5	4
13	2	Cedar	OT	MCJ	MOD	0	0
13	2	Transilio	1	MCJ	MOD	2	3
13	2	Transilio	2	MCJ	MOD	1	5
13	2	Transilio	OT	MCJ	MOD	0	0
13	2	Cedar	1	MNYT	MBBC	2	8
13	2	Cedar	2	MNYT	MBBC	2	9
13	2	Cedar	OT	MNYT	MBBC	0	0
13	2	Transilio	1	MNYT	MBBC	0	2
13	2	Transilio	2	MNYT	MBBC	2	3
13	2	Transilio	OT	MNYT	MBBC	0	0
13	2	Cedar	1	MBD	MTC	11	1
13	2	Cedar	2	MBD	MTC	7	6
13	2	Cedar	OT	MBD	MTC	0	0
13	2	Transilio	1	MBD	MTC	4	3
13	2	Transilio	2	MBD	MTC	4	1
13	2	Transilio	OT	MBD	MTC	0	0
13	2	Cedar	1	RHCP	MSPK	7	4
13	2	Cedar	2	RHCP	MSPK	4	5
13	2	Cedar	OT	RHCP	MSPK	0	0
13	2	Transilio	1	RHCP	MSPK	0	4
13	2	Transilio	2	RHCP	MSPK	3	4
13	2	Transilio	OT	RHCP	MSPK	0	0
13	2	Cedar	1	MTRS	MS7J	2	5
13	2	Cedar	2	MTRS	MS7J	3	5
13	2	Cedar	OT	MTRS	MS7J	0	0
13	2	Transilio	1	MTRS	MS7J	4	1
13	2	Transilio	2	MTRS	MS7J	3	3
13	2	Transilio	OT	MTRS	MS7J	0	0
13	2	Cedar	1	M13S	MBNH	4	4
13	2	Cedar	2	M13S	MBNH	2	1
13	2	Cedar	OT	M13S	MBNH	0	0
13	2	Transilio	1	M13S	MBNH	2	1
13	2	Transilio	2	M13S	MBNH	3	3
13	2	Transilio	OT	M13S	MBNH	0	0
13	3	Transilio	1	MBBC	RHCP	1	4
13	3	Transilio	2	MBBC	RHCP	1	1
13	3	Transilio	OT	MBBC	RHCP	0	0
13	3	Jardim	1	MBBC	RHCP	6	6
13	3	Jardim	2	MBBC	RHCP	3	6
13	3	Jardim	OT	MBBC	RHCP	0	0
13	3	Transilio	1	MNYT	MSPK	1	1
13	3	Transilio	2	MNYT	MSPK	2	1
13	3	Transilio	OT	MNYT	MSPK	0	0
13	3	Jardim	1	MNYT	MSPK	5	4
13	3	Jardim	2	MNYT	MSPK	3	7
13	3	Jardim	OT	MNYT	MSPK	0	0
13	3	Transilio	1	MBD	M13S	4	0
13	3	Transilio	2	MBD	M13S	10	3
13	3	Transilio	OT	MBD	M13S	0	0
13	3	Jardim	1	MBD	M13S	7	4
13	3	Jardim	2	MBD	M13S	7	4
13	3	Jardim	OT	MBD	M13S	0	0
13	3	Transilio	1	MCJ	MS7J	3	3
13	3	Transilio	2	MCJ	MS7J	2	2
13	3	Transilio	OT	MCJ	MS7J	6	5
13	3	Jardim	1	MCJ	MS7J	5	3
13	3	Jardim	2	MCJ	MS7J	5	3
13	3	Jardim	OT	MCJ	MS7J	0	0
13	3	Transilio	1	MTC	MTRS	3	9
13	3	Transilio	2	MTC	MTRS	4	5
13	3	Transilio	OT	MTC	MTRS	0	0
13	3	Jardim	1	MTC	MTRS	1	5
13	3	Jardim	2	MTC	MTRS	2	8
13	3	Jardim	OT	MTC	MTRS	0	0
13	3	Transilio	1	MOD	MBNH	2	0
13	3	Transilio	2	MOD	MBNH	5	2
13	3	Transilio	OT	MOD	MBNH	0	0
13	3	Jardim	1	MOD	MBNH	4	9
13	3	Jardim	2	MOD	MBNH	6	3
13	3	Jardim	OT	MOD	MBNH	0	0
13	4	Jardim	1	MBD	MOD	6	1
13	4	Jardim	2	MBD	MOD	4	1
13	4	Jardim	OT	MBD	MOD	0	0
13	4	Pilot	1	MBD	MOD	2	2
13	4	Pilot	2	MBD	MOD	3	3
13	4	Pilot	OT	MBD	MOD	3	1
13	4	Jardim	1	MNYT	MCJ	2	4
13	4	Jardim	2	MNYT	MCJ	3	6
13	4	Jardim	OT	MNYT	MCJ	0	0
13	4	Pilot	1	MNYT	MCJ	0	5
13	4	Pilot	2	MNYT	MCJ	1	3
13	4	Pilot	OT	MNYT	MCJ	0	0
13	4	Jardim	1	MTC	MBBC	6	5
13	4	Jardim	2	MTC	MBBC	5	2
13	4	Jardim	OT	MTC	MBBC	0	0
13	4	Pilot	1	MTC	MBBC	2	1
13	4	Pilot	2	MTC	MBBC	4	2
13	4	Pilot	OT	MTC	MBBC	0	0
13	4	Jardim	1	M13S	MSPK	1	11
13	4	Jardim	2	M13S	MSPK	2	8
13	4	Jardim	OT	M13S	MSPK	0	0
13	4	Pilot	1	M13S	MSPK	1	3
13	4	Pilot	2	M13S	MSPK	2	7
13	4	Pilot	OT	M13S	MSPK	0	0
13	4	Jardim	1	MTRS	RHCP	8	3
13	4	Jardim	2	MTRS	RHCP	3	3
13	4	Jardim	OT	MTRS	RHCP	0	0
13	4	Pilot	1	MTRS	RHCP	2	1
13	4	Pilot	2	MTRS	RHCP	2	3
13	4	Pilot	OT	MTRS	RHCP	3	1
13	4	Jardim	1	MBNH	MS7J	3	5
13	4	Jardim	2	MBNH	MS7J	6	4
13	4	Jardim	OT	MBNH	MS7J	6	3
13	4	Pilot	1	MBNH	MS7J	5	6
13	4	Pilot	2	MBNH	MS7J	4	1
13	4	Pilot	OT	MBNH	MS7J	0	0
13	5	Pilot	1	MBBC	M13S	6	2
13	5	Pilot	2	MBBC	M13S	2	3
13	5	Pilot	OT	MBBC	M13S	0	0
13	5	Cache	1	MBBC	M13S	2	2
13	5	Cache	2	MBBC	M13S	1	1
13	5	Cache	OT	MBBC	M13S	5	2
13	5	Pilot	1	MNYT	MS7J	2	2
13	5	Pilot	2	MNYT	MS7J	3	5
13	5	Pilot	OT	MNYT	MS7J	0	0
13	5	Cache	1	MNYT	MS7J	7	2
13	5	Cache	2	MNYT	MS7J	1	9
13	5	Cache	OT	MNYT	MS7J	0	0
13	5	Pilot	1	MOD	MTRS	2	0
13	5	Pilot	2	MOD	MTRS	5	4
13	5	Pilot	OT	MOD	MTRS	0	0
13	5	Cache	1	MOD	MTRS	6	4
13	5	Cache	2	MOD	MTRS	2	3
13	5	Cache	OT	MOD	MTRS	0	0
13	5	Pilot	1	MBD	RHCP	1	4
13	5	Pilot	2	MBD	RHCP	5	3
13	5	Pilot	OT	MBD	RHCP	0	0
13	5	Cache	1	MBD	RHCP	4	6
13	5	Cache	2	MBD	RHCP	3	4
13	5	Cache	OT	MBD	RHCP	0	0
13	5	Pilot	1	MCJ	MSPK	3	3
13	5	Pilot	2	MCJ	MSPK	2	3
13	5	Pilot	OT	MCJ	MSPK	0	0
13	5	Cache	1	MCJ	MSPK	5	3
13	5	Cache	2	MCJ	MSPK	3	3
13	5	Cache	OT	MCJ	MSPK	0	0
13	5	Pilot	1	MTC	MBNH	0	4
13	5	Pilot	2	MTC	MBNH	3	1
13	5	Pilot	OT	MTC	MBNH	0	0
13	5	Cache	1	MTC	MBNH	6	3
13	5	Cache	2	MTC	MBNH	3	2
13	5	Cache	OT	MTC	MBNH	0	0
13	6	Cache	1	MOD	MTC	2	3
13	6	Cache	2	MOD	MTC	0	7
13	6	Cache	OT	MOD	MTC	0	0
13	6	Wormy	1	MOD	MTC	3	7
13	6	Wormy	2	MOD	MTC	3	4
13	6	Wormy	OT	MOD	MTC	0	0
13	6	Cache	1	MBBC	MCJ	2	2
13	6	Cache	2	MBBC	MCJ	6	0
13	6	Cache	OT	MBBC	MCJ	0	0
13	6	Wormy	1	MBBC	MCJ	4	1
13	6	Wormy	2	MBBC	MCJ	1	4
13	6	Wormy	OT	MBBC	MCJ	3	4
13	6	Cache	1	MBD	MNYT	1	1
13	6	Cache	2	MBD	MNYT	4	5
13	6	Cache	OT	MBD	MNYT	0	0
13	6	Wormy	1	MBD	MNYT	4	2
13	6	Wormy	2	MBD	MNYT	1	1
13	6	Wormy	OT	MBD	MNYT	0	0
13	6	Cache	1	MSPK	MBNH	0	4
13	6	Cache	2	MSPK	MBNH	0	6
13	6	Cache	OT	MSPK	MBNH	0	0
13	6	Wormy	1	MSPK	MBNH	4	4
13	6	Wormy	2	MSPK	MBNH	2	3
13	6	Wormy	OT	MSPK	MBNH	0	0
13	6	Cache	1	MS7J	RHCP	7	1
13	6	Cache	2	MS7J	RHCP	0	4
13	6	Cache	OT	MS7J	RHCP	0	0
13	6	Wormy	1	MS7J	RHCP	1	4
13	6	Wormy	2	MS7J	RHCP	1	5
13	6	Wormy	OT	MS7J	RHCP	0	0
13	6	Cache	1	M13S	MTRS	3	3
13	6	Cache	2	M13S	MTRS	1	5
13	6	Cache	OT	M13S	MTRS	0	0
13	6	Wormy	1	M13S	MTRS	4	1
13	6	Wormy	2	M13S	MTRS	5	2
13	6	Wormy	OT	M13S	MTRS	0	0
13	7	Wormy	1	MTC	MCJ	4	1
13	7	Wormy	2	MTC	MCJ	3	2
13	7	Wormy	OT	MTC	MCJ	0	0
13	7	EMERALD	1	MTC	MCJ	4	5
13	7	EMERALD	2	MTC	MCJ	6	0
13	7	EMERALD	OT	MTC	MCJ	0	0
13	7	Wormy	1	MBBC	MBD	1	4
13	7	Wormy	2	MBBC	MBD	1	4
13	7	Wormy	OT	MBBC	MBD	0	0
13	7	EMERALD	1	MBBC	MBD	1	7
13	7	EMERALD	2	MBBC	MBD	2	9
13	7	EMERALD	OT	MBBC	MBD	0	0
13	7	Wormy	1	MOD	MNYT	1	2
13	7	Wormy	2	MOD	MNYT	6	4
13	7	Wormy	OT	MOD	MNYT	0	0
13	7	EMERALD	1	MOD	MNYT	8	2
13	7	EMERALD	2	MOD	MNYT	10	2
13	7	EMERALD	OT	MOD	MNYT	0	0
13	7	Wormy	1	MBNH	RHCP	3	2
13	7	Wormy	2	MBNH	RHCP	4	2
13	7	Wormy	OT	MBNH	RHCP	0	0
13	7	EMERALD	1	MBNH	RHCP	3	1
13	7	EMERALD	2	MBNH	RHCP	8	5
13	7	EMERALD	OT	MBNH	RHCP	0	0
13	7	Wormy	1	MS7J	M13S	6	0
13	7	Wormy	2	MS7J	M13S	4	2
13	7	Wormy	OT	MS7J	M13S	0	0
13	7	EMERALD	1	MS7J	M13S	5	2
13	7	EMERALD	2	MS7J	M13S	3	4
13	7	EMERALD	OT	MS7J	M13S	0	0
13	7	Wormy	1	MSPK	MTRS	3	3
13	7	Wormy	2	MSPK	MTRS	2	2
13	7	Wormy	OT	MSPK	MTRS	0	5
13	7	EMERALD	1	MSPK	MTRS	8	2
13	7	EMERALD	2	MSPK	MTRS	7	4
13	7	EMERALD	OT	MSPK	MTRS	0	0
14	1	Transilio	1	MREP	MSBP	2	3
14	1	Transilio	2	MREP	MSBP	2	1
14	1	Transilio	OT	MREP	MSBP	1	5
14	1	Jardim	1	MREP	MSBP	5	1
14	1	Jardim	2	MREP	MSBP	10	2
14	1	Jardim	OT	MREP	MSBP	0	0
14	1	Transilio	1	MB4	MGB	2	2
14	1	Transilio	2	MB4	MGB	3	5
14	1	Transilio	OT	MB4	MGB	0	0
14	1	Jardim	1	MB4	MGB	4	9
14	1	Jardim	2	MB4	MGB	2	5
14	1	Jardim	OT	MB4	MGB	0	0
14	1	Transilio	1	MRGB	MTRS	1	3
14	1	Transilio	2	MRGB	MTRS	4	6
14	1	Transilio	OT	MRGB	MTRS	0	0
14	1	Jardim	1	MRGB	MTRS	8	4
14	1	Jardim	2	MRGB	MTRS	5	7
14	1	Jardim	OT	MRGB	MTRS	0	0
14	1	Transilio	1	M877	MCOA	0	7
14	1	Transilio	2	M877	MCOA	2	5
14	1	Transilio	OT	M877	MCOA	0	0
14	1	Jardim	1	M877	MCOA	1	11
14	1	Jardim	2	M877	MCOA	2	5
14	1	Jardim	OT	M877	MCOA	0	0
14	1	Transilio	1	MTCJ	MABO	1	2
14	1	Transilio	2	MTCJ	MABO	0	3
14	1	Transilio	OT	MTCJ	MABO	0	0
14	1	Jardim	1	MTCJ	MABO	5	1
14	1	Jardim	2	MTCJ	MABO	8	6
14	1	Jardim	OT	MTCJ	MABO	0	0
14	1	Transilio	1	DLTP	M21J	2	4
14	1	Transilio	2	DLTP	M21J	1	2
14	1	Transilio	OT	DLTP	M21J	0	0
14	1	Jardim	1	DLTP	M21J	1	3
14	1	Jardim	2	DLTP	M21J	6	2
14	1	Jardim	OT	DLTP	M21J	0	0
14	1	Transilio	1	MBD	MLOW	1	2
14	1	Transilio	2	MBD	MLOW	4	0
14	1	Transilio	OT	MBD	MLOW	0	0
14	1	Jardim	1	MBD	MLOW	7	5
14	1	Jardim	2	MBD	MLOW	9	8
14	1	Jardim	OT	MBD	MLOW	0	0
14	1	Transilio	1	RHCP	MWHC	6	1
14	1	Transilio	2	RHCP	MWHC	1	3
14	1	Transilio	OT	RHCP	MWHC	0	0
14	1	Jardim	1	RHCP	MWHC	5	4
14	1	Jardim	2	RHCP	MWHC	9	7
14	1	Jardim	OT	RHCP	MWHC	0	0
14	2	Jardim	1	MREP	MB4	4	4
14	2	Jardim	2	MREP	MB4	1	4
14	2	Jardim	OT	MREP	MB4	0	0
14	2	Rush	1	MREP	MB4	1	5
14	2	Rush	2	MREP	MB4	1	0
14	2	Rush	OT	MREP	MB4	0	0
14	2	Jardim	1	MSBP	MGB	4	5
14	2	Jardim	2	MSBP	MGB	6	4
14	2	Jardim	OT	MSBP	MGB	0	0
14	2	Rush	1	MSBP	MGB	1	5
14	2	Rush	2	MSBP	MGB	4	7
14	2	Rush	OT	MSBP	MGB	0	0
14	2	Jardim	1	MRGB	M877	2	3
14	2	Jardim	2	MRGB	M877	5	1
14	2	Jardim	OT	MRGB	M877	0	0
14	2	Rush	1	MRGB	M877	3	4
14	2	Rush	2	MRGB	M877	3	2
14	2	Rush	OT	MRGB	M877	4	1
14	2	Jardim	1	MTRS	MCOA	5	3
14	2	Jardim	2	MTRS	MCOA	6	3
14	2	Jardim	OT	MTRS	MCOA	0	0
14	2	Rush	1	MTRS	MCOA	5	3
14	2	Rush	2	MTRS	MCOA	3	5
14	2	Rush	OT	MTRS	MCOA	9	6
14	2	Jardim	1	MTCJ	DLTP	2	0
14	2	Jardim	2	MTCJ	DLTP	2	7
14	2	Jardim	OT	MTCJ	DLTP	0	0
14	2	Rush	1	MTCJ	DLTP	3	5
14	2	Rush	2	MTCJ	DLTP	6	0
14	2	Rush	OT	MTCJ	DLTP	0	0
14	2	Jardim	1	MABO	M21J	7	1
14	2	Jardim	2	MABO	M21J	13	2
14	2	Jardim	OT	MABO	M21J	0	0
14	2	Rush	1	MABO	M21J	8	0
14	2	Rush	2	MABO	M21J	5	1
14	2	Rush	OT	MABO	M21J	0	0
14	2	Jardim	1	MBD	RHCP	3	3
14	2	Jardim	2	MBD	RHCP	4	5
14	2	Jardim	OT	MBD	RHCP	0	0
14	2	Rush	1	MBD	RHCP	3	2
14	2	Rush	2	MBD	RHCP	4	2
14	2	Rush	OT	MBD	RHCP	0	0
14	2	Jardim	1	MLOW	MWHC	3	10
14	2	Jardim	2	MLOW	MWHC	7	9
14	2	Jardim	OT	MLOW	MWHC	0	0
14	2	Rush	1	MLOW	MWHC	5	1
14	2	Rush	2	MLOW	MWHC	8	3
14	2	Rush	OT	MLOW	MWHC	0	0
14	3	Rush	1	MREP	MGB	2	3
14	3	Rush	2	MREP	MGB	1	4
14	3	Rush	OT	MREP	MGB	0	0
14	3	Cedar	1	MREP	MGB	2	1
14	3	Cedar	2	MREP	MGB	3	7
14	3	Cedar	OT	MREP	MGB	0	0
14	3	Rush	1	MSBP	MB4	5	4
14	3	Rush	2	MSBP	MB4	3	3
14	3	Rush	OT	MSBP	MB4	0	0
14	3	Cedar	1	MSBP	MB4	7	3
14	3	Cedar	2	MSBP	MB4	8	2
14	3	Cedar	OT	MSBP	MB4	0	0
14	3	Rush	1	MRGB	MCOA	5	7
14	3	Rush	2	MRGB	MCOA	3	3
14	3	Rush	OT	MRGB	MCOA	0	0
14	3	Cedar	1	MRGB	MCOA	1	5
14	3	Cedar	2	MRGB	MCOA	5	4
14	3	Cedar	OT	MRGB	MCOA	0	0
14	3	Rush	1	MTRS	M877	3	2
14	3	Rush	2	MTRS	M877	3	1
14	3	Rush	OT	MTRS	M877	0	0
14	3	Cedar	1	MTRS	M877	5	3
14	3	Cedar	2	MTRS	M877	4	3
14	3	Cedar	OT	MTRS	M877	0	0
14	3	Rush	1	MTCJ	M21J	2	4
14	3	Rush	2	MTCJ	M21J	3	3
14	3	Rush	OT	MTCJ	M21J	0	0
14	3	Cedar	1	MTCJ	M21J	8	1
14	3	Cedar	2	MTCJ	M21J	1	2
14	3	Cedar	OT	MTCJ	M21J	0	0
14	3	Rush	1	MABO	DLTP	6	2
14	3	Rush	2	MABO	DLTP	3	4
14	3	Rush	OT	MABO	DLTP	0	0
14	3	Cedar	1	MABO	DLTP	7	3
14	3	Cedar	2	MABO	DLTP	4	5
14	3	Cedar	OT	MABO	DLTP	0	0
14	3	Rush	1	MBD	MWHC	4	2
14	3	Rush	2	MBD	MWHC	8	5
14	3	Rush	OT	MBD	MWHC	0	0
14	3	Cedar	1	MBD	MWHC	5	1
14	3	Cedar	2	MBD	MWHC	2	7
14	3	Cedar	OT	MBD	MWHC	0	0
14	3	Rush	1	MLOW	RHCP	1	6
14	3	Rush	2	MLOW	RHCP	2	3
14	3	Rush	OT	MLOW	RHCP	0	0
14	3	Cedar	1	MLOW	RHCP	2	3
14	3	Cedar	2	MLOW	RHCP	4	4
14	3	Cedar	OT	MLOW	RHCP	0	0
14	4	Cedar	1	MGB	MTRS	6	4
14	4	Cedar	2	MGB	MTRS	4	7
14	4	Cedar	OT	MGB	MTRS	0	0
14	4	Cache	1	MGB	MTRS	2	4
14	4	Cache	2	MGB	MTRS	0	5
14	4	Cache	OT	MGB	MTRS	0	0
14	4	Cedar	1	MSBP	MCOA	5	6
14	4	Cedar	2	MSBP	MCOA	4	6
14	4	Cedar	OT	MSBP	MCOA	0	0
14	4	Cache	1	MSBP	MCOA	3	9
14	4	Cache	2	MSBP	MCOA	2	7
14	4	Cache	OT	MSBP	MCOA	0	0
14	4	Cedar	1	MB4	MRGB	1	6
14	4	Cedar	2	MB4	MRGB	7	2
14	4	Cedar	OT	MB4	MRGB	2	5
14	4	Cache	1	MB4	MRGB	1	1
14	4	Cache	2	MB4	MRGB	2	2
14	4	Cache	OT	MB4	MRGB	4	5
14	4	Cedar	1	MREP	M877	1	3
14	4	Cedar	2	MREP	M877	2	1
14	4	Cedar	OT	MREP	M877	0	0
14	4	Cache	1	MREP	M877	2	3
14	4	Cache	2	MREP	M877	2	3
14	4	Cache	OT	MREP	M877	0	0
14	4	Cedar	1	MABO	RHCP	5	1
14	4	Cedar	2	MABO	RHCP	2	2
14	4	Cedar	OT	MABO	RHCP	0	0
14	4	Cache	1	MABO	RHCP	1	2
14	4	Cache	2	MABO	RHCP	0	3
14	4	Cache	OT	MABO	RHCP	0	0
14	4	Cedar	1	MTCJ	MBD	2	2
14	4	Cedar	2	MTCJ	MBD	3	3
14	4	Cedar	OT	MTCJ	MBD	9	2
14	4	Cache	1	MTCJ	MBD	2	5
14	4	Cache	2	MTCJ	MBD	2	1
14	4	Cache	OT	MTCJ	MBD	0	0
14	4	Cedar	1	DLTP	MWHC	6	3
14	4	Cedar	2	DLTP	MWHC	1	5
14	4	Cedar	OT	DLTP	MWHC	0	0
14	4	Cache	1	DLTP	MWHC	1	7
14	4	Cache	2	DLTP	MWHC	3	2
14	4	Cache	OT	DLTP	MWHC	0	0
14	4	Cedar	1	M21J	MLOW	4	2
14	4	Cedar	2	M21J	MLOW	5	2
14	4	Cedar	OT	M21J	MLOW	0	0
14	4	Cache	1	M21J	MLOW	3	3
14	4	Cache	2	M21J	MLOW	5	3
14	4	Cache	OT	M21J	MLOW	0	0
14	5	Cache	1	MSBP	MRGB	5	6
14	5	Cache	2	MSBP	MRGB	5	4
14	5	Cache	OT	MSBP	MRGB	2	1
14	5	GFY	1	MSBP	MRGB	6	4
14	5	GFY	2	MSBP	MRGB	4	4
14	5	GFY	OT	MSBP	MRGB	0	0
14	5	Cache	1	MB4	MCOA	6	9
14	5	Cache	2	MB4	MCOA	2	4
14	5	Cache	OT	MB4	MCOA	0	0
14	5	GFY	1	MB4	MCOA	4	7
14	5	GFY	2	MB4	MCOA	2	4
14	5	GFY	OT	MB4	MCOA	0	0
14	5	Cache	1	MREP	MTRS	2	9
14	5	Cache	2	MREP	MTRS	2	1
14	5	Cache	OT	MREP	MTRS	0	0
14	5	GFY	1	MREP	MTRS	6	8
14	5	GFY	2	MREP	MTRS	2	3
14	5	GFY	OT	MREP	MTRS	0	0
14	5	Cache	1	MABO	MLOW	5	1
14	5	Cache	2	MABO	MLOW	3	2
14	5	Cache	OT	MABO	MLOW	0	0
14	5	GFY	1	MABO	MLOW	4	4
14	5	GFY	2	MABO	MLOW	6	1
14	5	GFY	OT	MABO	MLOW	0	0
14	5	Cache	1	MTCJ	MWHC	4	2
14	5	Cache	2	MTCJ	MWHC	7	1
14	5	Cache	OT	MTCJ	MWHC	0	0
14	5	GFY	1	MTCJ	MWHC	6	2
14	5	GFY	2	MTCJ	MWHC	6	4
14	5	GFY	OT	MTCJ	MWHC	0	0
14	5	Cache	1	DLTP	MBD	1	4
14	5	Cache	2	DLTP	MBD	0	4
14	5	Cache	OT	DLTP	MBD	0	0
14	5	GFY	1	DLTP	MBD	3	2
14	5	GFY	2	DLTP	MBD	1	6
14	5	GFY	OT	DLTP	MBD	0	0
14	5	Cache	1	M21J	RHCP	0	4
14	5	Cache	2	M21J	RHCP	1	6
14	5	Cache	OT	M21J	RHCP	0	0
14	5	GFY	1	M21J	RHCP	1	1
14	5	GFY	2	M21J	RHCP	1	2
14	5	GFY	OT	M21J	RHCP	0	0
14	5	Cache	1	MGB	M877	5	2
14	5	Cache	2	MGB	M877	3	0
14	5	Cache	OT	MGB	M877	0	0
14	5	GFY	1	MGB	M877	8	2
14	5	GFY	2	MGB	M877	7	2
14	5	GFY	OT	MGB	M877	0	0
14	6	GFY	1	MSBP	MTCJ	1	6
14	6	GFY	2	MSBP	MTCJ	3	7
14	6	GFY	OT	MSBP	MTCJ	0	0
14	6	Scorpio	1	MSBP	MTCJ	1	5
14	6	Scorpio	2	MSBP	MTCJ	3	4
14	6	Scorpio	OT	MSBP	MTCJ	0	0
14	6	GFY	1	MB4	M21J	0	4
14	6	GFY	2	MB4	M21J	1	3
14	6	GFY	OT	MB4	M21J	0	0
14	6	Scorpio	1	MB4	M21J	5	3
14	6	Scorpio	2	MB4	M21J	2	1
14	6	Scorpio	OT	MB4	M21J	0	0
14	6	GFY	1	MREP	DLTP	4	5
14	6	GFY	2	MREP	DLTP	4	11
14	6	GFY	OT	MREP	DLTP	0	0
14	6	Scorpio	1	MREP	DLTP	2	3
14	6	Scorpio	2	MREP	DLTP	1	6
14	6	Scorpio	OT	MREP	DLTP	0	0
14	6	GFY	1	MTRS	RHCP	6	2
14	6	GFY	2	MTRS	RHCP	4	5
14	6	GFY	OT	MTRS	RHCP	0	0
14	6	Scorpio	1	MTRS	RHCP	2	4
14	6	Scorpio	2	MTRS	RHCP	4	2
14	6	Scorpio	OT	MTRS	RHCP	7	5
14	6	GFY	1	MCOA	MBD	6	2
14	6	GFY	2	MCOA	MBD	4	3
14	6	GFY	OT	MCOA	MBD	0	0
14	6	Scorpio	1	MCOA	MBD	5	5
14	6	Scorpio	2	MCOA	MBD	3	4
14	6	Scorpio	OT	MCOA	MBD	0	0
14	6	GFY	1	MRGB	MWHC	0	1
14	6	GFY	2	MRGB	MWHC	3	2
14	6	GFY	OT	MRGB	MWHC	8	5
14	6	Scorpio	1	MRGB	MWHC	1	2
14	6	Scorpio	2	MRGB	MWHC	5	5
14	6	Scorpio	OT	MRGB	MWHC	0	0
14	6	GFY	1	M877	MLOW	4	1
14	6	GFY	2	M877	MLOW	2	4
14	6	GFY	OT	M877	MLOW	0	0
14	6	Scorpio	1	M877	MLOW	8	0
14	6	Scorpio	2	M877	MLOW	4	2
14	6	Scorpio	OT	M877	MLOW	0	0
14	6	GFY	1	MGB	MABO	1	5
14	6	GFY	2	MGB	MABO	1	3
14	6	GFY	OT	MGB	MABO	0	0
14	6	Scorpio	1	MGB	MABO	3	3
14	6	Scorpio	2	MGB	MABO	3	3
14	6	Scorpio	OT	MGB	MABO	1	2
14	7	Scorpio	1	MGB	DLTP	4	2
14	7	Scorpio	2	MGB	DLTP	3	2
14	7	Scorpio	OT	MGB	DLTP	0	0
14	7	Pilot	1	MGB	DLTP	1	1
14	7	Pilot	2	MGB	DLTP	11	3
14	7	Pilot	OT	MGB	DLTP	0	0
14	7	Scorpio	1	MSBP	M21J	2	3
14	7	Scorpio	2	MSBP	M21J	2	4
14	7	Scorpio	OT	MSBP	M21J	0	0
14	7	Pilot	1	MSBP	M21J	2	2
14	7	Pilot	2	MSBP	M21J	2	3
14	7	Pilot	OT	MSBP	M21J	0	0
14	7	Scorpio	1	MB4	MTCJ	3	2
14	7	Scorpio	2	MB4	MTCJ	2	1
14	7	Scorpio	OT	MB4	MTCJ	0	0
14	7	Pilot	1	MB4	MTCJ	0	6
14	7	Pilot	2	MB4	MTCJ	1	4
14	7	Pilot	OT	MB4	MTCJ	0	0
14	7	Scorpio	1	MREP	MABO	4	2
14	7	Scorpio	2	MREP	MABO	4	2
14	7	Scorpio	OT	MREP	MABO	0	0
14	7	Pilot	1	MREP	MABO	1	5
14	7	Pilot	2	MREP	MABO	1	3
14	7	Pilot	OT	MREP	MABO	0	0
14	7	Scorpio	1	MTRS	MLOW	6	2
14	7	Scorpio	2	MTRS	MLOW	9	2
14	7	Scorpio	OT	MTRS	MLOW	0	0
14	7	Pilot	1	MTRS	MLOW	3	3
14	7	Pilot	2	MTRS	MLOW	9	0
14	7	Pilot	OT	MTRS	MLOW	0	0
14	7	Scorpio	1	MCOA	MWHC	7	0
14	7	Scorpio	2	MCOA	MWHC	7	2
14	7	Scorpio	OT	MCOA	MWHC	0	0
14	7	Pilot	1	MCOA	MWHC	6	3
14	7	Pilot	2	MCOA	MWHC	5	0
14	7	Pilot	OT	MCOA	MWHC	0	0
14	7	Scorpio	1	MRGB	MBD	5	3
14	7	Scorpio	2	MRGB	MBD	4	2
14	7	Scorpio	OT	MRGB	MBD	0	0
14	7	Pilot	1	MRGB	MBD	2	4
14	7	Pilot	2	MRGB	MBD	1	3
14	7	Pilot	OT	MRGB	MBD	0	0
14	7	Scorpio	1	M877	RHCP	1	2
14	7	Scorpio	2	M877	RHCP	2	3
14	7	Scorpio	OT	M877	RHCP	0	0
14	7	Pilot	1	M877	RHCP	4	4
14	7	Pilot	2	M877	RHCP	3	3
14	7	Pilot	OT	M877	RHCP	1	2
14	8	Pilot	1	MGB	RHCP	1	4
14	8	Pilot	2	MGB	RHCP	3	3
14	8	Pilot	OT	MGB	RHCP	0	0
14	8	EMERALD	1	MGB	RHCP	3	9
14	8	EMERALD	2	MGB	RHCP	6	3
14	8	EMERALD	OT	MGB	RHCP	0	0
14	8	Pilot	1	MSBP	MBD	2	4
14	8	Pilot	2	MSBP	MBD	2	3
14	8	Pilot	OT	MSBP	MBD	0	0
14	8	EMERALD	1	MSBP	MBD	4	5
14	8	EMERALD	2	MSBP	MBD	4	6
14	8	EMERALD	OT	MSBP	MBD	0	0
14	8	Pilot	1	MB4	MWHC	3	2
14	8	Pilot	2	MB4	MWHC	3	3
14	8	Pilot	OT	MB4	MWHC	0	0
14	8	EMERALD	1	MB4	MWHC	3	1
14	8	EMERALD	2	MB4	MWHC	4	2
14	8	EMERALD	OT	MB4	MWHC	0	0
14	8	Pilot	1	MREP	MLOW	1	1
14	8	Pilot	2	MREP	MLOW	4	2
14	8	Pilot	OT	MREP	MLOW	0	0
14	8	EMERALD	1	MREP	MLOW	3	4
14	8	EMERALD	2	MREP	MLOW	0	5
14	8	EMERALD	OT	MREP	MLOW	0	0
14	8	Pilot	1	MTRS	MABO	3	3
14	8	Pilot	2	MTRS	MABO	5	3
14	8	Pilot	OT	MTRS	MABO	0	0
14	8	EMERALD	1	MTRS	MABO	4	3
14	8	EMERALD	2	MTRS	MABO	5	2
14	8	EMERALD	OT	MTRS	MABO	0	0
14	8	Pilot	1	MCOA	MTCJ	3	3
14	8	Pilot	2	MCOA	MTCJ	4	1
14	8	Pilot	OT	MCOA	MTCJ	0	0
14	8	EMERALD	1	MCOA	MTCJ	5	1
14	8	EMERALD	2	MCOA	MTCJ	5	3
14	8	EMERALD	OT	MCOA	MTCJ	0	0
14	8	Pilot	1	MRGB	M21J	4	2
14	8	Pilot	2	MRGB	M21J	1	6
14	8	Pilot	OT	MRGB	M21J	0	0
14	8	EMERALD	1	MRGB	M21J	3	6
14	8	EMERALD	2	MRGB	M21J	3	4
14	8	EMERALD	OT	MRGB	M21J	0	0
14	8	Pilot	1	M877	DLTP	3	2
14	8	Pilot	2	M877	DLTP	2	3
14	8	Pilot	OT	M877	DLTP	2	4
14	8	EMERALD	1	M877	DLTP	4	2
14	8	EMERALD	2	M877	DLTP	5	7
14	8	EMERALD	OT	M877	DLTP	7	2
14	9	EMERALD	1	MGB	MLOW	10	6
14	9	EMERALD	2	MGB	MLOW	2	5
14	9	EMERALD	OT	MGB	MLOW	0	0
14	9	Transilio	1	MGB	MLOW	7	2
14	9	Transilio	2	MGB	MLOW	8	4
14	9	Transilio	OT	MGB	MLOW	0	0
14	9	EMERALD	1	MSBP	MWHC	5	2
14	9	EMERALD	2	MSBP	MWHC	2	4
14	9	EMERALD	OT	MSBP	MWHC	0	0
14	9	Transilio	1	MSBP	MWHC	2	6
14	9	Transilio	2	MSBP	MWHC	4	6
14	9	Transilio	OT	MSBP	MWHC	0	0
14	9	EMERALD	1	MB4	MBD	4	4
14	9	EMERALD	2	MB4	MBD	6	3
14	9	EMERALD	OT	MB4	MBD	0	0
14	9	Transilio	1	MB4	MBD	1	8
14	9	Transilio	2	MB4	MBD	0	4
14	9	Transilio	OT	MB4	MBD	0	0
14	9	EMERALD	1	MREP	RHCP	1	8
14	9	EMERALD	2	MREP	RHCP	4	6
14	9	EMERALD	OT	MREP	RHCP	0	0
14	9	Transilio	1	MREP	RHCP	1	7
14	9	Transilio	2	MREP	RHCP	4	3
14	9	Transilio	OT	MREP	RHCP	0	0
14	9	EMERALD	1	MTRS	DLTP	5	2
14	9	EMERALD	2	MTRS	DLTP	6	2
14	9	EMERALD	OT	MTRS	DLTP	0	0
14	9	Transilio	1	MTRS	DLTP	6	3
14	9	Transilio	2	MTRS	DLTP	6	7
14	9	Transilio	OT	MTRS	DLTP	0	0
14	9	EMERALD	1	MCOA	M21J	8	0
14	9	EMERALD	2	MCOA	M21J	7	1
14	9	EMERALD	OT	MCOA	M21J	0	0
14	9	Transilio	1	MCOA	M21J	5	0
14	9	Transilio	2	MCOA	M21J	7	1
14	9	Transilio	OT	MCOA	M21J	0	0
14	9	EMERALD	1	MRGB	MTCJ	0	5
14	9	EMERALD	2	MRGB	MTCJ	1	8
14	9	EMERALD	OT	MRGB	MTCJ	0	0
14	9	Transilio	1	MRGB	MTCJ	5	5
14	9	Transilio	2	MRGB	MTCJ	5	4
14	9	Transilio	OT	MRGB	MTCJ	0	0
14	9	EMERALD	1	M877	MABO	4	2
14	9	EMERALD	2	M877	MABO	6	5
14	9	EMERALD	OT	M877	MABO	0	0
14	9	Transilio	1	M877	MABO	5	4
14	9	Transilio	2	M877	MABO	2	4
14	9	Transilio	OT	M877	MABO	0	0
15	1	Cedar	1	MBD	MCOA	3	4
15	1	Cedar	2	MBD	MCOA	3	4
15	1	Cedar	OT	MBD	MCOA	4	1
15	1	Jardim	1	MBD	MCOA	8	2
15	1	Jardim	2	MBD	MCOA	3	6
15	1	Jardim	OT	MBD	MCOA	0	0
15	1	Cedar	1	MAC	MGGB	1	3
15	1	Cedar	2	MAC	MGGB	8	3
15	1	Cedar	OT	MAC	MGGB	0	0
15	1	Jardim	1	MAC	MGGB	7	5
15	1	Jardim	2	MAC	MGGB	4	8
15	1	Jardim	OT	MAC	MGGB	0	0
15	1	Cedar	1	MABO	MWOB	6	3
15	1	Cedar	2	MABO	MWOB	1	6
15	1	Cedar	OT	MABO	MWOB	0	0
15	1	Jardim	1	MABO	MWOB	7	3
15	1	Jardim	2	MABO	MWOB	7	4
15	1	Jardim	OT	MABO	MWOB	0	0
15	1	Cedar	1	MORB	MCRK	5	3
15	1	Cedar	2	MORB	MCRK	5	1
15	1	Cedar	OT	MORB	MCRK	0	0
15	1	Jardim	1	MORB	MCRK	6	2
15	1	Jardim	2	MORB	MCRK	2	7
15	1	Jardim	OT	MORB	MCRK	0	0
15	2	Jardim	1	MGGB	MBD	1	8
15	2	Jardim	2	MGGB	MBD	4	1
15	2	Jardim	OT	MGGB	MBD	0	0
15	2	EMERALD	1	MGGB	MBD	8	3
15	2	EMERALD	2	MGGB	MBD	5	2
15	2	EMERALD	OT	MGGB	MBD	0	0
15	2	Jardim	1	MWOB	MCOA	7	2
15	2	Jardim	2	MWOB	MCOA	4	7
15	2	Jardim	OT	MWOB	MCOA	0	0
15	2	EMERALD	1	MWOB	MCOA	7	1
15	2	EMERALD	2	MWOB	MCOA	1	2
15	2	EMERALD	OT	MWOB	MCOA	0	0
15	2	Jardim	1	MCRK	MAC	2	3
15	2	Jardim	2	MCRK	MAC	5	6
15	2	Jardim	OT	MCRK	MAC	0	0
15	2	EMERALD	1	MCRK	MAC	4	4
15	2	EMERALD	2	MCRK	MAC	2	2
15	2	EMERALD	OT	MCRK	MAC	1	3
15	2	Jardim	1	MORB	MABO	4	7
15	2	Jardim	2	MORB	MABO	2	5
15	2	Jardim	OT	MORB	MABO	5	3
15	2	EMERALD	1	MORB	MABO	3	3
15	2	EMERALD	2	MORB	MABO	0	3
15	2	EMERALD	OT	MORB	MABO	0	0
15	3	EMERALD	1	MBD	MWOB	5	3
15	3	EMERALD	2	MBD	MWOB	6	3
15	3	EMERALD	OT	MBD	MWOB	0	0
15	3	Cache	1	MBD	MWOB	5	2
15	3	Cache	2	MBD	MWOB	6	3
15	3	Cache	OT	MBD	MWOB	3	9
15	3	EMERALD	1	MGGB	MCRK	4	3
15	3	EMERALD	2	MGGB	MCRK	5	4
15	3	EMERALD	OT	MGGB	MCRK	0	0
15	3	Cache	1	MGGB	MCRK	3	2
15	3	Cache	2	MGGB	MCRK	1	4
15	3	Cache	OT	MGGB	MCRK	0	0
15	3	EMERALD	1	MCOA	MORB	0	3
15	3	EMERALD	2	MCOA	MORB	6	4
15	3	EMERALD	OT	MCOA	MORB	0	0
15	3	Cache	1	MCOA	MORB	3	1
15	3	Cache	2	MCOA	MORB	2	2
15	3	Cache	OT	MCOA	MORB	0	0
15	3	EMERALD	1	MAC	MABO	6	5
15	3	EMERALD	2	MAC	MABO	5	2
15	3	EMERALD	OT	MAC	MABO	0	0
15	3	Cache	1	MAC	MABO	6	2
15	3	Cache	2	MAC	MABO	0	3
15	3	Cache	OT	MAC	MABO	0	0
15	4	Cache	1	MCRK	MBD	5	4
15	4	Cache	2	MCRK	MBD	6	6
15	4	Cache	OT	MCRK	MBD	0	0
15	4	Pilot	1	MCRK	MBD	1	5
15	4	Pilot	2	MCRK	MBD	5	3
15	4	Pilot	OT	MCRK	MBD	0	0
15	4	Cache	1	MWOB	MORB	3	2
15	4	Cache	2	MWOB	MORB	2	1
15	4	Cache	OT	MWOB	MORB	0	0
15	4	Pilot	1	MWOB	MORB	3	3
15	4	Pilot	2	MWOB	MORB	4	2
15	4	Pilot	OT	MWOB	MORB	0	0
15	4	Cache	1	MABO	MGGB	3	2
15	4	Cache	2	MABO	MGGB	2	2
15	4	Cache	OT	MABO	MGGB	0	0
15	4	Pilot	1	MABO	MGGB	3	2
15	4	Pilot	2	MABO	MGGB	3	7
15	4	Pilot	OT	MABO	MGGB	0	0
15	4	Cache	1	MCOA	MAC	0	5
15	4	Cache	2	MCOA	MAC	3	3
15	4	Cache	OT	MCOA	MAC	0	0
15	4	Pilot	1	MCOA	MAC	4	2
15	4	Pilot	2	MCOA	MAC	0	6
15	4	Pilot	OT	MCOA	MAC	0	0
15	5	Pilot	1	MBD	MORB	3	6
15	5	Pilot	2	MBD	MORB	6	6
15	5	Pilot	OT	MBD	MORB	0	0
15	5	Rush	1	MBD	MORB	3	3
15	5	Rush	2	MBD	MORB	5	6
15	5	Rush	OT	MBD	MORB	0	0
15	5	Pilot	1	MCRK	MABO	0	6
15	5	Pilot	2	MCRK	MABO	2	2
15	5	Pilot	OT	MCRK	MABO	0	0
15	5	Rush	1	MCRK	MABO	1	2
15	5	Rush	2	MCRK	MABO	1	4
15	5	Rush	OT	MCRK	MABO	0	0
15	5	Pilot	1	MWOB	MAC	2	5
15	5	Pilot	2	MWOB	MAC	0	2
15	5	Pilot	OT	MWOB	MAC	0	0
15	5	Rush	1	MWOB	MAC	5	3
15	5	Rush	2	MWOB	MAC	2	7
15	5	Rush	OT	MWOB	MAC	0	0
15	5	Pilot	1	MGGB	MCOA	1	2
15	5	Pilot	2	MGGB	MCOA	4	2
15	5	Pilot	OT	MGGB	MCOA	0	0
15	5	Rush	1	MGGB	MCOA	6	0
15	5	Rush	2	MGGB	MCOA	6	5
15	5	Rush	OT	MGGB	MCOA	0	0
15	6	Rush	1	MABO	MBD	5	3
15	6	Rush	2	MABO	MBD	4	8
15	6	Rush	OT	MABO	MBD	0	0
15	6	Transilio	1	MABO	MBD	1	4
15	6	Transilio	2	MABO	MBD	6	1
15	6	Transilio	OT	MABO	MBD	0	0
15	6	Rush	1	MAC	MORB	6	3
15	6	Rush	2	MAC	MORB	6	2
15	6	Rush	OT	MAC	MORB	0	0
15	6	Transilio	1	MAC	MORB	4	3
15	6	Transilio	2	MAC	MORB	3	4
15	6	Transilio	OT	MAC	MORB	0	0
15	6	Rush	1	MCOA	MCRK	4	1
15	6	Rush	2	MCOA	MCRK	1	2
15	6	Rush	OT	MCOA	MCRK	0	0
15	6	Transilio	1	MCOA	MCRK	5	2
15	6	Transilio	2	MCOA	MCRK	7	4
15	6	Transilio	OT	MCOA	MCRK	0	0
15	6	Rush	1	MGGB	MWOB	4	2
15	6	Rush	2	MGGB	MWOB	3	1
15	6	Rush	OT	MGGB	MWOB	0	0
15	6	Transilio	1	MGGB	MWOB	5	4
15	6	Transilio	2	MGGB	MWOB	5	1
15	6	Transilio	OT	MGGB	MWOB	0	0
15	7	Transilio	1	MBD	MAC	7	6
15	7	Transilio	2	MBD	MAC	1	11
15	7	Transilio	OT	MBD	MAC	0	0
15	7	Cedar	1	MBD	MAC	4	9
15	7	Cedar	2	MBD	MAC	12	5
15	7	Cedar	OT	MBD	MAC	0	0
15	7	Transilio	1	MABO	MCOA	1	3
15	7	Transilio	2	MABO	MCOA	0	5
15	7	Transilio	OT	MABO	MCOA	0	0
15	7	Cedar	1	MABO	MCOA	0	1
15	7	Cedar	2	MABO	MCOA	3	2
15	7	Cedar	OT	MABO	MCOA	0	0
15	7	Transilio	1	MORB	MGGB	3	4
15	7	Transilio	2	MORB	MGGB	4	2
15	7	Transilio	OT	MORB	MGGB	0	0
15	7	Cedar	1	MORB	MGGB	3	0
15	7	Cedar	2	MORB	MGGB	8	6
15	7	Cedar	OT	MORB	MGGB	0	0
15	7	Transilio	1	MCRK	MWOB	6	2
15	7	Transilio	2	MCRK	MWOB	5	2
15	7	Transilio	OT	MCRK	MWOB	0	0
15	7	Cedar	1	MCRK	MWOB	7	3
15	7	Cedar	2	MCRK	MWOB	4	5
15	7	Cedar	OT	MCRK	MWOB	0	0
16	1	EMERALD	1	MCSP	MGGB	4	3
16	1	EMERALD	2	MCSP	MGGB	5	1
16	1	EMERALD	OT	MCSP	MGGB	0	0
16	1	Transilio	1	MCSP	MGGB	3	3
16	1	Transilio	2	MCSP	MGGB	3	3
16	1	Transilio	OT	MCSP	MGGB	4	3
16	1	EMERALD	1	MCOA	MTHS	2	2
16	1	EMERALD	2	MCOA	MTHS	4	3
16	1	EMERALD	OT	MCOA	MTHS	0	0
16	1	Transilio	1	MCOA	MTHS	2	3
16	1	Transilio	2	MCOA	MTHS	2	5
16	1	Transilio	OT	MCOA	MTHS	0	0
16	1	EMERALD	1	RHCP	MGBR	2	4
16	1	EMERALD	2	RHCP	MGBR	5	1
16	1	EMERALD	OT	RHCP	MGBR	0	0
16	1	Transilio	1	RHCP	MGBR	4	4
16	1	Transilio	2	RHCP	MGBR	3	1
16	1	Transilio	OT	RHCP	MGBR	0	0
16	1	EMERALD	1	MSRP	MMMP	6	3
16	1	EMERALD	2	MSRP	MMMP	5	6
16	1	EMERALD	OT	MSRP	MMMP	0	0
16	1	Transilio	1	MSRP	MMMP	3	2
16	1	Transilio	2	MSRP	MMMP	1	5
16	1	Transilio	OT	MSRP	MMMP	0	0
16	1	EMERALD	1	MTCJ	MPIC	6	1
16	1	EMERALD	2	MTCJ	MPIC	4	3
16	1	EMERALD	OT	MTCJ	MPIC	0	0
16	1	Transilio	1	MTCJ	MPIC	2	1
16	1	Transilio	2	MTCJ	MPIC	5	0
16	1	Transilio	OT	MTCJ	MPIC	0	0
16	1	EMERALD	1	MSKD	MCRK	3	6
16	1	EMERALD	2	MSKD	MCRK	4	6
16	1	EMERALD	OT	MSKD	MCRK	0	0
16	1	Transilio	1	MSKD	MCRK	2	4
16	1	Transilio	2	MSKD	MCRK	8	4
16	1	Transilio	OT	MSKD	MCRK	0	0
16	2	Transilio	1	MCSP	RHCP	3	4
16	2	Transilio	2	MCSP	RHCP	1	3
16	2	Transilio	OT	MCSP	RHCP	0	0
16	2	Jardim	1	MCSP	RHCP	7	6
16	2	Jardim	2	MCSP	RHCP	5	2
16	2	Jardim	OT	MCSP	RHCP	0	0
16	2	Transilio	1	MCOA	MSRP	5	4
16	2	Transilio	2	MCOA	MSRP	8	4
16	2	Transilio	OT	MCOA	MSRP	0	0
16	2	Jardim	1	MCOA	MSRP	7	3
16	2	Jardim	2	MCOA	MSRP	7	4
16	2	Jardim	OT	MCOA	MSRP	0	0
16	2	Transilio	1	MTHS	MTCJ	3	3
16	2	Transilio	2	MTHS	MTCJ	5	2
16	2	Transilio	OT	MTHS	MTCJ	0	0
16	2	Jardim	1	MTHS	MTCJ	5	3
16	2	Jardim	2	MTHS	MTCJ	4	4
16	2	Jardim	OT	MTHS	MTCJ	0	0
16	2	Transilio	1	MGGB	MSKD	7	1
16	2	Transilio	2	MGGB	MSKD	3	1
16	2	Transilio	OT	MGGB	MSKD	0	0
16	2	Jardim	1	MGGB	MSKD	5	4
16	2	Jardim	2	MGGB	MSKD	6	3
16	2	Jardim	OT	MGGB	MSKD	0	0
16	2	Transilio	1	MCRK	MGBR	2	1
16	2	Transilio	2	MCRK	MGBR	3	5
16	2	Transilio	OT	MCRK	MGBR	0	0
16	2	Jardim	1	MCRK	MGBR	4	3
16	2	Jardim	2	MCRK	MGBR	5	4
16	2	Jardim	OT	MCRK	MGBR	0	0
16	2	Transilio	1	MPIC	MMMP	5	3
16	2	Transilio	2	MPIC	MMMP	3	4
16	2	Transilio	OT	MPIC	MMMP	0	0
16	2	Jardim	1	MPIC	MMMP	6	4
16	2	Jardim	2	MPIC	MMMP	10	2
16	2	Jardim	OT	MPIC	MMMP	0	0
16	3	Jardim	1	MCSP	MCRK	3	5
16	3	Jardim	2	MCSP	MCRK	6	3
16	3	Jardim	OT	MCSP	MCRK	0	0
16	3	Cedar	1	MCSP	MCRK	4	2
16	3	Cedar	2	MCSP	MCRK	4	1
16	3	Cedar	OT	MCSP	MCRK	0	0
16	3	Jardim	1	MCOA	MPIC	9	0
16	3	Jardim	2	MCOA	MPIC	4	5
16	3	Jardim	OT	MCOA	MPIC	0	0
16	3	Cedar	1	MCOA	MPIC	9	5
16	3	Cedar	2	MCOA	MPIC	6	2
16	3	Cedar	OT	MCOA	MPIC	0	0
16	3	Jardim	1	MTHS	MMMP	2	4
16	3	Jardim	2	MTHS	MMMP	4	5
16	3	Jardim	OT	MTHS	MMMP	0	0
16	3	Cedar	1	MTHS	MMMP	5	4
16	3	Cedar	2	MTHS	MMMP	2	4
16	3	Cedar	OT	MTHS	MMMP	0	0
16	3	Jardim	1	MGGB	MGBR	2	1
16	3	Jardim	2	MGGB	MGBR	4	5
16	3	Jardim	OT	MGGB	MGBR	3	8
16	3	Cedar	1	MGGB	MGBR	2	3
16	3	Cedar	2	MGGB	MGBR	5	4
16	3	Cedar	OT	MGGB	MGBR	3	5
16	3	Jardim	1	RHCP	MSKD	10	4
16	3	Jardim	2	RHCP	MSKD	6	8
16	3	Jardim	OT	RHCP	MSKD	0	0
16	3	Cedar	1	RHCP	MSKD	5	5
16	3	Cedar	2	RHCP	MSKD	3	7
16	3	Cedar	OT	RHCP	MSKD	0	0
16	3	Jardim	1	MSRP	MTCJ	4	12
16	3	Jardim	2	MSRP	MTCJ	6	10
16	3	Jardim	OT	MSRP	MTCJ	0	0
16	3	Cedar	1	MSRP	MTCJ	4	7
16	3	Cedar	2	MSRP	MTCJ	5	4
16	3	Cedar	OT	MSRP	MTCJ	0	0
16	4	Cedar	1	MCSP	MCOA	4	1
16	4	Cedar	2	MCSP	MCOA	2	6
16	4	Cedar	OT	MCSP	MCOA	0	0
16	4	Tetanic	1	MCSP	MCOA	3	6
16	4	Tetanic	2	MCSP	MCOA	2	2
16	4	Tetanic	OT	MCSP	MCOA	0	0
16	4	Cedar	1	MTHS	MGGB	5	2
16	4	Cedar	2	MTHS	MGGB	8	2
16	4	Cedar	OT	MTHS	MGGB	0	0
16	4	Tetanic	1	MTHS	MGGB	3	1
16	4	Tetanic	2	MTHS	MGGB	5	3
16	4	Tetanic	OT	MTHS	MGGB	0	0
16	4	Cedar	1	RHCP	MCRK	2	3
16	4	Cedar	2	RHCP	MCRK	4	4
16	4	Cedar	OT	RHCP	MCRK	0	0
16	4	Tetanic	1	RHCP	MCRK	1	8
16	4	Tetanic	2	RHCP	MCRK	4	5
16	4	Tetanic	OT	RHCP	MCRK	0	0
16	4	Cedar	1	MSRP	MPIC	2	5
16	4	Cedar	2	MSRP	MPIC	3	4
16	4	Cedar	OT	MSRP	MPIC	0	0
16	4	Tetanic	1	MSRP	MPIC	2	7
16	4	Tetanic	2	MSRP	MPIC	5	6
16	4	Tetanic	OT	MSRP	MPIC	0	0
16	4	Cedar	1	MTCJ	MMMP	3	1
16	4	Cedar	2	MTCJ	MMMP	4	7
16	4	Cedar	OT	MTCJ	MMMP	0	0
16	4	Tetanic	1	MTCJ	MMMP	3	5
16	4	Tetanic	2	MTCJ	MMMP	5	2
16	4	Tetanic	OT	MTCJ	MMMP	0	0
16	4	Cedar	1	MSKD	MGBR	6	5
16	4	Cedar	2	MSKD	MGBR	1	3
16	4	Cedar	OT	MSKD	MGBR	0	0
16	4	Tetanic	1	MSKD	MGBR	7	4
16	4	Tetanic	2	MSKD	MGBR	3	4
16	4	Tetanic	OT	MSKD	MGBR	0	0
16	5	Tetanic	1	MCSP	MSRP	4	7
16	5	Tetanic	2	MCSP	MSRP	4	2
16	5	Tetanic	OT	MCSP	MSRP	0	0
16	5	Rush	1	MCSP	MSRP	5	4
16	5	Rush	2	MCSP	MSRP	4	4
16	5	Rush	OT	MCSP	MSRP	0	0
16	5	Tetanic	1	MCOA	MTCJ	6	3
16	5	Tetanic	2	MCOA	MTCJ	5	2
16	5	Tetanic	OT	MCOA	MTCJ	0	0
16	5	Rush	1	MCOA	MTCJ	5	1
16	5	Rush	2	MCOA	MTCJ	6	2
16	5	Rush	OT	MCOA	MTCJ	0	0
16	5	Tetanic	1	MTHS	MSKD	9	1
16	5	Tetanic	2	MTHS	MSKD	4	2
16	5	Tetanic	OT	MTHS	MSKD	0	0
16	5	Rush	1	MTHS	MSKD	4	2
16	5	Rush	2	MTHS	MSKD	6	2
16	5	Rush	OT	MTHS	MSKD	0	0
16	5	Tetanic	1	MGGB	RHCP	4	5
16	5	Tetanic	2	MGGB	RHCP	5	4
16	5	Tetanic	OT	MGGB	RHCP	5	2
16	5	Rush	1	MGGB	RHCP	3	5
16	5	Rush	2	MGGB	RHCP	5	6
16	5	Rush	OT	MGGB	RHCP	0	0
16	5	Tetanic	1	MCRK	MPIC	8	5
16	5	Tetanic	2	MCRK	MPIC	12	4
16	5	Tetanic	OT	MCRK	MPIC	0	0
16	5	Rush	1	MCRK	MPIC	8	0
16	5	Rush	2	MCRK	MPIC	3	5
16	5	Rush	OT	MCRK	MPIC	0	0
16	5	Tetanic	1	MMMP	MGBR	3	0
16	5	Tetanic	2	MMMP	MGBR	4	3
16	5	Tetanic	OT	MMMP	MGBR	0	0
16	5	Rush	1	MMMP	MGBR	3	3
16	5	Rush	2	MMMP	MGBR	4	6
16	5	Rush	OT	MMMP	MGBR	0	0
16	6	Rush	1	MCSP	MPIC	3	1
16	6	Rush	2	MCSP	MPIC	4	3
16	6	Rush	OT	MCSP	MPIC	0	0
16	6	Pilot	1	MCSP	MPIC	4	3
16	6	Pilot	2	MCSP	MPIC	1	3
16	6	Pilot	OT	MCSP	MPIC	0	0
16	6	Rush	1	MCOA	MMMP	4	4
16	6	Rush	2	MCOA	MMMP	8	3
16	6	Rush	OT	MCOA	MMMP	0	0
16	6	Pilot	1	MCOA	MMMP	7	1
16	6	Pilot	2	MCOA	MMMP	6	1
16	6	Pilot	OT	MCOA	MMMP	0	0
16	6	Rush	1	MTHS	MGBR	10	3
16	6	Rush	2	MTHS	MGBR	4	2
16	6	Rush	OT	MTHS	MGBR	0	0
16	6	Pilot	1	MTHS	MGBR	3	3
16	6	Pilot	2	MTHS	MGBR	8	2
16	6	Pilot	OT	MTHS	MGBR	0	0
16	6	Rush	1	MGGB	MCRK	1	0
16	6	Rush	2	MGGB	MCRK	3	2
16	6	Rush	OT	MGGB	MCRK	0	0
16	6	Pilot	1	MGGB	MCRK	7	1
16	6	Pilot	2	MGGB	MCRK	2	3
16	6	Pilot	OT	MGGB	MCRK	0	0
16	6	Rush	1	RHCP	MSRP	8	2
16	6	Rush	2	RHCP	MSRP	3	4
16	6	Rush	OT	RHCP	MSRP	0	0
16	6	Pilot	1	RHCP	MSRP	6	1
16	6	Pilot	2	RHCP	MSRP	4	2
16	6	Pilot	OT	RHCP	MSRP	0	0
16	6	Rush	1	MTCJ	MSKD	7	2
16	6	Rush	2	MTCJ	MSKD	6	2
16	6	Rush	OT	MTCJ	MSKD	0	0
16	6	Pilot	1	MTCJ	MSKD	2	5
16	6	Pilot	2	MTCJ	MSKD	1	3
16	6	Pilot	OT	MTCJ	MSKD	0	0
16	7	Pilot	1	MCSP	MTHS	2	4
16	7	Pilot	2	MCSP	MTHS	3	2
16	7	Pilot	OT	MCSP	MTHS	0	0
16	7	EMERALD	1	MCSP	MTHS	5	4
16	7	EMERALD	2	MCSP	MTHS	5	3
16	7	EMERALD	OT	MCSP	MTHS	0	0
16	7	Pilot	1	MCOA	MGGB	1	3
16	7	Pilot	2	MCOA	MGGB	4	2
16	7	Pilot	OT	MCOA	MGGB	0	3
16	7	EMERALD	1	MCOA	MGGB	8	5
16	7	EMERALD	2	MCOA	MGGB	9	4
16	7	EMERALD	OT	MCOA	MGGB	0	0
16	7	Pilot	1	RHCP	MTCJ	2	4
16	7	Pilot	2	RHCP	MTCJ	3	3
16	7	Pilot	OT	RHCP	MTCJ	0	0
16	7	EMERALD	1	RHCP	MTCJ	1	8
16	7	EMERALD	2	RHCP	MTCJ	7	7
16	7	EMERALD	OT	RHCP	MTCJ	0	0
16	7	Pilot	1	MSRP	MSKD	1	4
16	7	Pilot	2	MSRP	MSKD	4	1
16	7	Pilot	OT	MSRP	MSKD	1	0
16	7	EMERALD	1	MSRP	MSKD	6	5
16	7	EMERALD	2	MSRP	MSKD	5	6
16	7	EMERALD	OT	MSRP	MSKD	1	0
16	7	Pilot	1	MCRK	MMMP	4	3
16	7	Pilot	2	MCRK	MMMP	1	5
16	7	Pilot	OT	MCRK	MMMP	0	0
16	7	EMERALD	1	MCRK	MMMP	2	6
16	7	EMERALD	2	MCRK	MMMP	2	4
16	7	EMERALD	OT	MCRK	MMMP	0	0
16	7	Pilot	1	MPIC	MGBR	2	3
16	7	Pilot	2	MPIC	MGBR	2	3
16	7	Pilot	OT	MPIC	MGBR	0	0
16	7	EMERALD	1	MPIC	MGBR	8	2
16	7	EMERALD	2	MPIC	MGBR	5	3
16	7	EMERALD	OT	MPIC	MGBR	0	0
17	1	Transilio	1	MMMP	MBOP	1	2
17	1	Transilio	2	MMMP	MBOP	5	1
17	1	Transilio	OT	MMMP	MBOP	0	0
17	1	EMERALD	1	MMMP	MBOP	7	3
17	1	EMERALD	2	MMMP	MBOP	3	4
17	1	EMERALD	OT	MMMP	MBOP	0	0
17	1	Transilio	1	RHCP	MHR	6	4
17	1	Transilio	2	RHCP	MHR	5	4
17	1	Transilio	OT	RHCP	MHR	0	0
17	1	EMERALD	1	RHCP	MHR	2	4
17	1	EMERALD	2	RHCP	MHR	3	7
17	1	EMERALD	OT	RHCP	MHR	0	0
17	1	Transilio	1	MCOA	MTHS	2	2
17	1	Transilio	2	MCOA	MTHS	3	2
17	1	Transilio	OT	MCOA	MTHS	0	0
17	1	EMERALD	1	MCOA	MTHS	5	1
17	1	EMERALD	2	MCOA	MTHS	9	0
17	1	EMERALD	OT	MCOA	MTHS	0	0
17	1	Transilio	1	MTCJ	MCSP	3	3
17	1	Transilio	2	MTCJ	MCSP	2	4
17	1	Transilio	OT	MTCJ	MCSP	0	0
17	1	EMERALD	1	MTCJ	MCSP	4	6
17	1	EMERALD	2	MTCJ	MCSP	5	1
17	1	EMERALD	OT	MTCJ	MCSP	0	0
17	1	Transilio	1	MCRK	MAC	0	2
17	1	Transilio	2	MCRK	MAC	0	3
17	1	Transilio	OT	MCRK	MAC	0	0
17	1	EMERALD	1	MCRK	MAC	3	2
17	1	EMERALD	2	MCRK	MAC	2	0
17	1	EMERALD	OT	MCRK	MAC	0	0
17	1	Transilio	1	MGBR	MSVB	2	2
17	1	Transilio	2	MGBR	MSVB	1	4
17	1	Transilio	OT	MGBR	MSVB	0	0
17	1	EMERALD	1	MGBR	MSVB	2	2
17	1	EMERALD	2	MGBR	MSVB	1	3
17	1	EMERALD	OT	MGBR	MSVB	0	0
17	2	EMERALD	1	MCOA	MCSP	9	2
17	2	EMERALD	2	MCOA	MCSP	8	4
17	2	EMERALD	OT	MCOA	MCSP	0	0
17	2	Rush	1	MCOA	MCSP	3	2
17	2	Rush	2	MCOA	MCSP	13	6
17	2	Rush	OT	MCOA	MCSP	0	0
17	2	EMERALD	1	MTHS	MHR	3	4
17	2	EMERALD	2	MTHS	MHR	3	5
17	2	EMERALD	OT	MTHS	MHR	0	0
17	2	Rush	1	MTHS	MHR	2	2
17	2	Rush	2	MTHS	MHR	4	2
17	2	Rush	OT	MTHS	MHR	0	0
17	2	EMERALD	1	RHCP	MTCJ	7	3
17	2	EMERALD	2	RHCP	MTCJ	5	4
17	2	EMERALD	OT	RHCP	MTCJ	0	0
17	2	Rush	1	RHCP	MTCJ	5	5
17	2	Rush	2	RHCP	MTCJ	5	0
17	2	Rush	OT	RHCP	MTCJ	0	0
17	2	EMERALD	1	MGBR	MAC	2	5
17	2	EMERALD	2	MGBR	MAC	3	4
17	2	EMERALD	OT	MGBR	MAC	0	0
17	2	Rush	1	MGBR	MAC	0	4
17	2	Rush	2	MGBR	MAC	7	5
17	2	Rush	OT	MGBR	MAC	0	0
17	2	EMERALD	1	MSVB	MBOP	9	3
17	2	EMERALD	2	MSVB	MBOP	3	6
17	2	EMERALD	OT	MSVB	MBOP	0	0
17	2	Rush	1	MSVB	MBOP	3	6
17	2	Rush	2	MSVB	MBOP	3	4
17	2	Rush	OT	MSVB	MBOP	0	0
17	2	EMERALD	1	MMMP	MCRK	5	2
17	2	EMERALD	2	MMMP	MCRK	5	1
17	2	EMERALD	OT	MMMP	MCRK	0	0
17	2	Rush	1	MMMP	MCRK	1	2
17	2	Rush	2	MMMP	MCRK	5	4
17	2	Rush	OT	MMMP	MCRK	1	0
17	3	Rush	1	MCOA	MMMP	10	0
17	3	Rush	2	MCOA	MMMP	4	3
17	3	Rush	OT	MCOA	MMMP	0	0
17	3	Pilot	1	MCOA	MMMP	0	2
17	3	Pilot	2	MCOA	MMMP	1	4
17	3	Pilot	OT	MCOA	MMMP	0	0
17	3	Rush	1	MTHS	MGBR	6	0
17	3	Rush	2	MTHS	MGBR	3	4
17	3	Rush	OT	MTHS	MGBR	0	0
17	3	Pilot	1	MTHS	MGBR	4	0
17	3	Pilot	2	MTHS	MGBR	4	1
17	3	Pilot	OT	MTHS	MGBR	0	0
17	3	Rush	1	RHCP	MSVB	3	2
17	3	Rush	2	RHCP	MSVB	3	4
17	3	Rush	OT	RHCP	MSVB	1	4
17	3	Pilot	1	RHCP	MSVB	7	1
17	3	Pilot	2	RHCP	MSVB	6	2
17	3	Pilot	OT	RHCP	MSVB	0	0
17	3	Rush	1	MHR	MAC	1	8
17	3	Rush	2	MHR	MAC	4	4
17	3	Rush	OT	MHR	MAC	0	0
17	3	Pilot	1	MHR	MAC	1	6
17	3	Pilot	2	MHR	MAC	3	4
17	3	Pilot	OT	MHR	MAC	0	0
17	3	Rush	1	MTCJ	MBOP	2	2
17	3	Rush	2	MTCJ	MBOP	4	3
17	3	Rush	OT	MTCJ	MBOP	0	0
17	3	Pilot	1	MTCJ	MBOP	5	4
17	3	Pilot	2	MTCJ	MBOP	4	3
17	3	Pilot	OT	MTCJ	MBOP	0	0
17	3	Rush	1	MCSP	MCRK	2	2
17	3	Rush	2	MCSP	MCRK	1	2
17	3	Rush	OT	MCSP	MCRK	0	0
17	3	Pilot	1	MCSP	MCRK	2	4
17	3	Pilot	2	MCSP	MCRK	4	2
17	3	Pilot	OT	MCSP	MCRK	1	0
17	4	Pilot	1	MCOA	MAC	5	5
17	4	Pilot	2	MCOA	MAC	8	3
17	4	Pilot	OT	MCOA	MAC	0	0
17	4	Jardim	1	MCOA	MAC	8	1
17	4	Jardim	2	MCOA	MAC	3	5
17	4	Jardim	OT	MCOA	MAC	0	0
17	4	Pilot	1	MTHS	MBOP	4	0
17	4	Pilot	2	MTHS	MBOP	5	3
17	4	Pilot	OT	MTHS	MBOP	0	0
17	4	Jardim	1	MTHS	MBOP	7	0
17	4	Jardim	2	MTHS	MBOP	5	2
17	4	Jardim	OT	MTHS	MBOP	0	0
17	4	Pilot	1	RHCP	MCRK	4	2
17	4	Pilot	2	RHCP	MCRK	6	1
17	4	Pilot	OT	RHCP	MCRK	0	0
17	4	Jardim	1	RHCP	MCRK	6	4
17	4	Jardim	2	RHCP	MCRK	4	2
17	4	Jardim	OT	RHCP	MCRK	0	0
17	4	Pilot	1	MHR	MMMP	4	3
17	4	Pilot	2	MHR	MMMP	3	0
17	4	Pilot	OT	MHR	MMMP	0	0
17	4	Jardim	1	MHR	MMMP	6	4
17	4	Jardim	2	MHR	MMMP	4	4
17	4	Jardim	OT	MHR	MMMP	0	0
17	4	Pilot	1	MTCJ	MGBR	4	1
17	4	Pilot	2	MTCJ	MGBR	6	2
17	4	Pilot	OT	MTCJ	MGBR	0	0
17	4	Jardim	1	MTCJ	MGBR	2	7
17	4	Jardim	2	MTCJ	MGBR	6	1
17	4	Jardim	OT	MTCJ	MGBR	8	5
17	4	Pilot	1	MCSP	MSVB	3	5
17	4	Pilot	2	MCSP	MSVB	2	2
17	4	Pilot	OT	MCSP	MSVB	0	0
17	4	Jardim	1	MCSP	MSVB	3	6
17	4	Jardim	2	MCSP	MSVB	4	5
17	4	Jardim	OT	MCSP	MSVB	0	0
17	5	Jardim	1	MCOA	MTCJ	11	7
17	5	Jardim	2	MCOA	MTCJ	7	4
17	5	Jardim	OT	MCOA	MTCJ	0	0
17	5	Wormy	1	MCOA	MTCJ	2	3
17	5	Wormy	2	MCOA	MTCJ	3	3
17	5	Wormy	OT	MCOA	MTCJ	0	0
17	5	Jardim	1	MTHS	RHCP	3	10
17	5	Jardim	2	MTHS	RHCP	8	3
17	5	Jardim	OT	MTHS	RHCP	0	0
17	5	Wormy	1	MTHS	RHCP	0	4
17	5	Wormy	2	MTHS	RHCP	3	0
17	5	Wormy	OT	MTHS	RHCP	0	0
17	5	Jardim	1	MHR	MCSP	5	4
17	5	Jardim	2	MHR	MCSP	2	2
17	5	Jardim	OT	MHR	MCSP	0	0
17	5	Wormy	1	MHR	MCSP	1	4
17	5	Wormy	2	MHR	MCSP	3	3
17	5	Wormy	OT	MHR	MCSP	0	0
17	5	Jardim	1	MGBR	MCRK	5	2
17	5	Jardim	2	MGBR	MCRK	7	2
17	5	Jardim	OT	MGBR	MCRK	0	0
17	5	Wormy	1	MGBR	MCRK	5	2
17	5	Wormy	2	MGBR	MCRK	6	1
17	5	Wormy	OT	MGBR	MCRK	0	0
17	5	Jardim	1	MSVB	MMMP	4	5
17	5	Jardim	2	MSVB	MMMP	4	8
17	5	Jardim	OT	MSVB	MMMP	0	0
17	5	Wormy	1	MSVB	MMMP	1	4
17	5	Wormy	2	MSVB	MMMP	3	1
17	5	Wormy	OT	MSVB	MMMP	0	0
17	5	Jardim	1	MBOP	MAC	6	4
17	5	Jardim	2	MBOP	MAC	6	6
17	5	Jardim	OT	MBOP	MAC	0	0
17	5	Wormy	1	MBOP	MAC	3	2
17	5	Wormy	2	MBOP	MAC	1	1
17	5	Wormy	OT	MBOP	MAC	0	0
17	6	Wormy	1	MCOA	RHCP	3	4
17	6	Wormy	2	MCOA	RHCP	2	3
17	6	Wormy	OT	MCOA	RHCP	0	0
17	6	Joji	1	MCOA	RHCP	2	3
17	6	Joji	2	MCOA	RHCP	1	2
17	6	Joji	OT	MCOA	RHCP	0	0
17	6	Wormy	1	MHR	MTCJ	3	2
17	6	Wormy	2	MHR	MTCJ	0	5
17	6	Wormy	OT	MHR	MTCJ	0	0
17	6	Joji	1	MHR	MTCJ	2	2
17	6	Joji	2	MHR	MTCJ	2	1
17	6	Joji	OT	MHR	MTCJ	0	0
17	6	Wormy	1	MGBR	MMMP	3	3
17	6	Wormy	2	MGBR	MMMP	6	4
17	6	Wormy	OT	MGBR	MMMP	0	0
17	6	Joji	1	MGBR	MMMP	4	3
17	6	Joji	2	MGBR	MMMP	2	2
17	6	Joji	OT	MGBR	MMMP	0	0
17	6	Wormy	1	MBOP	MCRK	2	2
17	6	Wormy	2	MBOP	MCRK	1	3
17	6	Wormy	OT	MBOP	MCRK	0	0
17	6	Joji	1	MBOP	MCRK	3	2
17	6	Joji	2	MBOP	MCRK	0	2
17	6	Joji	OT	MBOP	MCRK	0	0
17	6	Wormy	1	MTHS	MCSP	6	2
17	6	Wormy	2	MTHS	MCSP	2	2
17	6	Wormy	OT	MTHS	MCSP	0	0
17	6	Joji	1	MTHS	MCSP	7	2
17	6	Joji	2	MTHS	MCSP	7	3
17	6	Joji	OT	MTHS	MCSP	0	0
17	6	Wormy	1	MSVB	MAC	2	0
17	6	Wormy	2	MSVB	MAC	5	3
17	6	Wormy	OT	MSVB	MAC	0	0
17	6	Joji	1	MSVB	MAC	4	3
17	6	Joji	2	MSVB	MAC	0	5
17	6	Joji	OT	MSVB	MAC	0	0
17	7	Joji	1	MCOA	MGBR	3	3
17	7	Joji	2	MCOA	MGBR	7	2
17	7	Joji	OT	MCOA	MGBR	0	0
17	7	Cedar	1	MCOA	MGBR	4	2
17	7	Cedar	2	MCOA	MGBR	2	3
17	7	Cedar	OT	MCOA	MGBR	0	0
17	7	Joji	1	MTHS	MSVB	3	1
17	7	Joji	2	MTHS	MSVB	4	3
17	7	Joji	OT	MTHS	MSVB	0	0
17	7	Cedar	1	MTHS	MSVB	6	1
17	7	Cedar	2	MTHS	MSVB	9	2
17	7	Cedar	OT	MTHS	MSVB	0	0
17	7	Joji	1	RHCP	MMMP	6	2
17	7	Joji	2	RHCP	MMMP	5	2
17	7	Joji	OT	RHCP	MMMP	0	0
17	7	Cedar	1	RHCP	MMMP	5	1
17	7	Cedar	2	RHCP	MMMP	5	2
17	7	Cedar	OT	RHCP	MMMP	0	0
17	7	Joji	1	MHR	MBOP	7	0
17	7	Joji	2	MHR	MBOP	3	1
17	7	Joji	OT	MHR	MBOP	0	0
17	7	Cedar	1	MHR	MBOP	6	4
17	7	Cedar	2	MHR	MBOP	8	3
17	7	Cedar	OT	MHR	MBOP	0	0
17	7	Joji	1	MTCJ	MCRK	3	0
17	7	Joji	2	MTCJ	MCRK	2	4
17	7	Joji	OT	MTCJ	MCRK	0	0
17	7	Cedar	1	MTCJ	MCRK	9	0
17	7	Cedar	2	MTCJ	MCRK	4	2
17	7	Cedar	OT	MTCJ	MCRK	0	0
17	7	Joji	1	MCSP	MAC	2	4
17	7	Joji	2	MCSP	MAC	1	3
17	7	Joji	OT	MCSP	MAC	0	0
17	7	Cedar	1	MCSP	MAC	6	5
17	7	Cedar	2	MCSP	MAC	3	5
17	7	Cedar	OT	MCSP	MAC	0	0
17	8	Cedar	1	MCOA	MBOP	13	1
17	8	Cedar	2	MCOA	MBOP	8	4
17	8	Cedar	OT	MCOA	MBOP	0	0
17	8	Transilio	1	MCOA	MBOP	6	3
17	8	Transilio	2	MCOA	MBOP	10	2
17	8	Transilio	OT	MCOA	MBOP	0	0
17	8	Cedar	1	MTHS	MCRK	13	2
17	8	Cedar	2	MTHS	MCRK	13	0
17	8	Cedar	OT	MTHS	MCRK	0	0
17	8	Transilio	1	MTHS	MCRK	5	0
17	8	Transilio	2	MTHS	MCRK	11	0
17	8	Transilio	OT	MTHS	MCRK	0	0
17	8	Cedar	1	RHCP	MAC	6	2
17	8	Cedar	2	RHCP	MAC	7	0
17	8	Cedar	OT	RHCP	MAC	0	0
17	8	Transilio	1	RHCP	MAC	1	1
17	8	Transilio	2	RHCP	MAC	4	0
17	8	Transilio	OT	RHCP	MAC	0	0
17	8	Cedar	1	MHR	MGBR	3	4
17	8	Cedar	2	MHR	MGBR	5	5
17	8	Cedar	OT	MHR	MGBR	0	0
17	8	Transilio	1	MHR	MGBR	2	2
17	8	Transilio	2	MHR	MGBR	2	1
17	8	Transilio	OT	MHR	MGBR	0	0
17	8	Cedar	1	MTCJ	MSVB	4	1
17	8	Cedar	2	MTCJ	MSVB	8	4
17	8	Cedar	OT	MTCJ	MSVB	0	0
17	8	Transilio	1	MTCJ	MSVB	1	5
17	8	Transilio	2	MTCJ	MSVB	6	3
17	8	Transilio	OT	MTCJ	MSVB	0	0
17	8	Cedar	1	MCSP	MMMP	3	7
17	8	Cedar	2	MCSP	MMMP	5	3
17	8	Cedar	OT	MCSP	MMMP	0	0
17	8	Transilio	1	MCSP	MMMP	5	4
17	8	Transilio	2	MCSP	MMMP	1	5
17	8	Transilio	OT	MCSP	MMMP	0	0
18	1	EMERALD	1	RHCP	MTOC	4	8
18	1	EMERALD	2	RHCP	MTOC	3	4
18	1	EMERALD	OT	RHCP	MTOC	0	0
18	1	Transilio	1	RHCP	MTOC	4	3
18	1	Transilio	2	RHCP	MTOC	7	2
18	1	Transilio	OT	RHCP	MTOC	0	0
18	1	EMERALD	1	MHGW	MOD	7	4
18	1	EMERALD	2	MHGW	MOD	2	4
18	1	EMERALD	OT	MHGW	MOD	0	0
18	1	Transilio	1	MHGW	MOD	1	1
18	1	Transilio	2	MHGW	MOD	2	2
18	1	Transilio	OT	MHGW	MOD	2	11
18	1	EMERALD	1	MTHS	MMMP	7	3
18	1	EMERALD	2	MTHS	MMMP	4	4
18	1	EMERALD	OT	MTHS	MMMP	0	0
18	1	Transilio	1	MTHS	MMMP	5	5
18	1	Transilio	2	MTHS	MMMP	3	1
18	1	Transilio	OT	MTHS	MMMP	0	0
18	1	EMERALD	1	MAC	MRLB	3	3
18	1	EMERALD	2	MAC	MRLB	4	6
18	1	EMERALD	OT	MAC	MRLB	0	0
18	1	Transilio	1	MAC	MRLB	1	2
18	1	Transilio	2	MAC	MRLB	3	2
18	1	Transilio	OT	MAC	MRLB	3	1
18	2	Transilio	1	MTHS	RHCP	3	4
18	2	Transilio	2	MTHS	RHCP	5	3
18	2	Transilio	OT	MTHS	RHCP	0	0
18	2	Sugar Hill	1	MTHS	RHCP	4	2
18	2	Sugar Hill	2	MTHS	RHCP	3	3
18	2	Sugar Hill	OT	MTHS	RHCP	0	0
18	2	Transilio	1	MTOC	MHGW	0	4
18	2	Transilio	2	MTOC	MHGW	4	0
18	2	Transilio	OT	MTOC	MHGW	8	2
18	2	Sugar Hill	1	MTOC	MHGW	4	6
18	2	Sugar Hill	2	MTOC	MHGW	4	3
18	2	Sugar Hill	OT	MTOC	MHGW	0	0
18	2	Transilio	1	MOD	MHBL	2	2
18	2	Transilio	2	MOD	MHBL	6	1
18	2	Transilio	OT	MOD	MHBL	0	0
18	2	Sugar Hill	1	MOD	MHBL	4	4
18	2	Sugar Hill	2	MOD	MHBL	3	4
18	2	Sugar Hill	OT	MOD	MHBL	0	0
18	2	Transilio	1	MMMP	MAC	4	3
18	2	Transilio	2	MMMP	MAC	7	3
18	2	Transilio	OT	MMMP	MAC	0	0
18	2	Sugar Hill	1	MMMP	MAC	5	4
18	2	Sugar Hill	2	MMMP	MAC	4	4
18	2	Sugar Hill	OT	MMMP	MAC	0	0
18	2	Transilio	1	MRLB	MOPH	1	3
18	2	Transilio	2	MRLB	MOPH	3	1
18	2	Transilio	OT	MRLB	MOPH	3	0
18	2	Sugar Hill	1	MRLB	MOPH	2	2
18	2	Sugar Hill	2	MRLB	MOPH	1	3
18	2	Sugar Hill	OT	MRLB	MOPH	0	0
18	3	Sugar Hill	1	RHCP	MMMP	4	3
18	3	Sugar Hill	2	RHCP	MMMP	5	3
18	3	Sugar Hill	OT	RHCP	MMMP	0	0
18	3	Rush	1	RHCP	MMMP	3	1
18	3	Rush	2	RHCP	MMMP	2	3
18	3	Rush	OT	RHCP	MMMP	0	0
18	3	Sugar Hill	1	MTOC	MAC	2	2
18	3	Sugar Hill	2	MTOC	MAC	3	1
18	3	Sugar Hill	OT	MTOC	MAC	0	0
18	3	Rush	1	MTOC	MAC	3	4
18	3	Rush	2	MTOC	MAC	4	8
18	3	Rush	OT	MTOC	MAC	0	0
18	3	Sugar Hill	1	MHGW	MRLB	1	2
18	3	Sugar Hill	2	MHGW	MRLB	2	4
18	3	Sugar Hill	OT	MHGW	MRLB	0	0
18	3	Rush	1	MHGW	MRLB	3	2
18	3	Rush	2	MHGW	MRLB	5	3
18	3	Rush	OT	MHGW	MRLB	0	0
18	3	Sugar Hill	1	MOD	MOPH	3	0
18	3	Sugar Hill	2	MOD	MOPH	2	4
18	3	Sugar Hill	OT	MOD	MOPH	0	0
18	3	Rush	1	MOD	MOPH	4	1
18	3	Rush	2	MOD	MOPH	7	1
18	3	Rush	OT	MOD	MOPH	0	0
18	3	Sugar Hill	1	MTHS	MHBL	2	4
18	3	Sugar Hill	2	MTHS	MHBL	4	4
18	3	Sugar Hill	OT	MTHS	MHBL	0	0
18	3	Rush	1	MTHS	MHBL	6	4
18	3	Rush	2	MTHS	MHBL	7	2
18	3	Rush	OT	MTHS	MHBL	0	0
18	4	Rush	1	RHCP	MOD	4	1
18	4	Rush	2	RHCP	MOD	1	4
18	4	Rush	OT	RHCP	MOD	0	1
18	4	Catch-22	1	RHCP	MOD	3	5
18	4	Catch-22	2	RHCP	MOD	4	4
18	4	Catch-22	OT	RHCP	MOD	0	0
18	4	Rush	1	MTOC	MTHS	2	5
18	4	Rush	2	MTOC	MTHS	4	4
18	4	Rush	OT	MTOC	MTHS	0	0
18	4	Catch-22	1	MTOC	MTHS	3	7
18	4	Catch-22	2	MTOC	MTHS	1	6
18	4	Catch-22	OT	MTOC	MTHS	0	0
18	4	Rush	1	MHGW	MOPH	4	3
18	4	Rush	2	MHGW	MOPH	8	5
18	4	Rush	OT	MHGW	MOPH	0	0
18	4	Catch-22	1	MHGW	MOPH	2	3
18	4	Catch-22	2	MHGW	MOPH	5	2
18	4	Catch-22	OT	MHGW	MOPH	0	0
18	4	Rush	1	MMMP	MRLB	2	2
18	4	Rush	2	MMMP	MRLB	4	2
18	4	Rush	OT	MMMP	MRLB	0	0
18	4	Catch-22	1	MMMP	MRLB	5	5
18	4	Catch-22	2	MMMP	MRLB	1	4
18	4	Catch-22	OT	MMMP	MRLB	0	0
18	4	Rush	1	MAC	MHBL	6	2
18	4	Rush	2	MAC	MHBL	7	4
18	4	Rush	OT	MAC	MHBL	0	0
18	4	Catch-22	1	MAC	MHBL	7	2
18	4	Catch-22	2	MAC	MHBL	8	1
18	4	Catch-22	OT	MAC	MHBL	0	0
18	5	Catch-22	1	RHCP	MHGW	2	2
18	5	Catch-22	2	RHCP	MHGW	5	1
18	5	Catch-22	OT	RHCP	MHGW	0	0
18	5	Jardim	1	RHCP	MHGW	6	2
18	5	Jardim	2	RHCP	MHGW	8	5
18	5	Jardim	OT	RHCP	MHGW	0	0
18	5	Catch-22	1	MOD	MTHS	4	3
18	5	Catch-22	2	MOD	MTHS	1	2
18	5	Catch-22	OT	MOD	MTHS	7	6
18	5	Jardim	1	MOD	MTHS	1	3
18	5	Jardim	2	MOD	MTHS	6	5
18	5	Jardim	OT	MOD	MTHS	0	0
18	5	Catch-22	1	MTOC	MRLB	3	1
18	5	Catch-22	2	MTOC	MRLB	5	4
18	5	Catch-22	OT	MTOC	MRLB	0	0
18	5	Jardim	1	MTOC	MRLB	6	5
18	5	Jardim	2	MTOC	MRLB	6	2
18	5	Jardim	OT	MTOC	MRLB	0	0
18	5	Catch-22	1	MMMP	MHBL	4	1
18	5	Catch-22	2	MMMP	MHBL	1	3
18	5	Catch-22	OT	MMMP	MHBL	0	0
18	5	Jardim	1	MMMP	MHBL	8	10
18	5	Jardim	2	MMMP	MHBL	4	3
18	5	Jardim	OT	MMMP	MHBL	0	0
18	5	Catch-22	1	MAC	MOPH	5	1
18	5	Catch-22	2	MAC	MOPH	5	2
18	5	Catch-22	OT	MAC	MOPH	0	0
18	5	Jardim	1	MAC	MOPH	6	4
18	5	Jardim	2	MAC	MOPH	13	1
18	5	Jardim	OT	MAC	MOPH	0	0
18	1	EMERALD	1	MOPH	MHBL	3	3
18	1	EMERALD	2	MOPH	MHBL	4	6
18	1	EMERALD	OT	MOPH	MHBL	0	0
18	1	Transilio	1	MOPH	MHBL	2	3
18	1	Transilio	2	MOPH	MHBL	3	2
18	1	Transilio	OT	MOPH	MHBL	7	2
18	6	Jardim	1	RHCP	MRLB	8	3
18	6	Jardim	2	RHCP	MRLB	4	5
18	6	Jardim	OT	RHCP	MRLB	0	0
18	6	Pilot 2.0	1	RHCP	MRLB	2	2
18	6	Pilot 2.0	2	RHCP	MRLB	1	4
18	6	Pilot 2.0	OT	RHCP	MRLB	0	0
18	6	Jardim	1	MTOC	MOPH	1	4
18	6	Jardim	2	MTOC	MOPH	5	1
18	6	Jardim	OT	MTOC	MOPH	0	0
18	6	Pilot 2.0	1	MTOC	MOPH	6	4
18	6	Pilot 2.0	2	MTOC	MOPH	3	3
18	6	Pilot 2.0	OT	MTOC	MOPH	0	0
18	6	Jardim	1	MHGW	MHBL	6	4
18	6	Jardim	2	MHGW	MHBL	8	4
18	6	Jardim	OT	MHGW	MHBL	0	0
18	6	Pilot 2.0	1	MHGW	MHBL	2	2
18	6	Pilot 2.0	2	MHGW	MHBL	2	2
18	6	Pilot 2.0	OT	MHGW	MHBL	1	8
18	6	Jardim	1	MOD	MMMP	9	6
18	6	Jardim	2	MOD	MMMP	7	6
18	6	Jardim	OT	MOD	MMMP	0	0
18	6	Pilot 2.0	1	MOD	MMMP	5	3
18	6	Pilot 2.0	2	MOD	MMMP	4	3
18	6	Pilot 2.0	OT	MOD	MMMP	0	0
18	6	Jardim	1	MTHS	MAC	6	1
18	6	Jardim	2	MTHS	MAC	4	8
18	6	Jardim	OT	MTHS	MAC	0	0
18	6	Pilot 2.0	1	MTHS	MAC	2	3
18	6	Pilot 2.0	2	MTHS	MAC	6	3
18	6	Pilot 2.0	OT	MTHS	MAC	0	0
18	7	Pilot 2.0	1	MTOC	MOD	3	5
18	7	Pilot 2.0	2	MTOC	MOD	3	1
18	7	Pilot 2.0	OT	MTOC	MOD	4	5
18	7	EMERALD	1	MTOC	MOD	6	2
18	7	EMERALD	2	MTOC	MOD	3	2
18	7	EMERALD	OT	MTOC	MOD	0	0
18	7	Pilot 2.0	1	MHGW	MTHS	5	6
18	7	Pilot 2.0	2	MHGW	MTHS	1	6
18	7	Pilot 2.0	OT	MHGW	MTHS	0	0
18	7	EMERALD	1	MHGW	MTHS	2	8
18	7	EMERALD	2	MHGW	MTHS	2	5
18	7	EMERALD	OT	MHGW	MTHS	0	0
18	7	Pilot 2.0	1	RHCP	MAC	4	2
18	7	Pilot 2.0	2	RHCP	MAC	5	4
18	7	Pilot 2.0	OT	RHCP	MAC	0	0
18	7	EMERALD	1	RHCP	MAC	5	7
18	7	EMERALD	2	RHCP	MAC	7	3
18	7	EMERALD	OT	RHCP	MAC	0	0
18	7	Pilot 2.0	1	MMMP	MOPH	3	3
18	7	Pilot 2.0	2	MMMP	MOPH	3	0
18	7	Pilot 2.0	OT	MMMP	MOPH	0	0
18	7	EMERALD	1	MMMP	MOPH	6	1
18	7	EMERALD	2	MMMP	MOPH	13	3
18	7	EMERALD	OT	MMMP	MOPH	0	0
18	7	Pilot 2.0	1	MRLB	MHBL	0	6
18	7	Pilot 2.0	2	MRLB	MHBL	3	2
18	7	Pilot 2.0	OT	MRLB	MHBL	0	0
18	7	EMERALD	1	MRLB	MHBL	7	2
18	7	EMERALD	2	MRLB	MHBL	7	1
18	7	EMERALD	OT	MRLB	MHBL	0	0
19	1	Pilot 2.0	1	MDNO	MCCB	8	3
19	1	Pilot 2.0	2	MDNO	MCCB	5	6
19	1	Pilot 2.0	OT	MDNO	MCCB	0	0
19	1	Jardim	1	MDNO	MCCB	5	2
19	1	Jardim	2	MDNO	MCCB	5	3
19	1	Jardim	OT	MDNO	MCCB	0	0
19	1	Pilot 2.0	1	MTEF	MAC	1	5
19	1	Pilot 2.0	2	MTEF	MAC	4	2
19	1	Pilot 2.0	OT	MTEF	MAC	0	0
19	1	Jardim	1	MTEF	MAC	3	4
19	1	Jardim	2	MTEF	MAC	4	2
19	1	Jardim	OT	MTEF	MAC	0	0
19	1	Pilot 2.0	1	MRKT	MCDC	2	2
19	1	Pilot 2.0	2	MRKT	MCDC	4	2
19	1	Pilot 2.0	OT	MRKT	MCDC	0	0
19	1	Jardim	1	MRKT	MCDC	3	4
19	1	Jardim	2	MRKT	MCDC	2	4
19	1	Jardim	OT	MRKT	MCDC	0	0
19	1	Pilot 2.0	1	MLBT	MVIL	2	1
19	1	Pilot 2.0	2	MLBT	MVIL	4	1
19	1	Pilot 2.0	OT	MLBT	MVIL	0	0
19	1	Jardim	1	MLBT	MVIL	6	4
19	1	Jardim	2	MLBT	MVIL	1	11
19	1	Jardim	OT	MLBT	MVIL	0	0
19	1	Pilot 2.0	1	MFBD	MSRP	3	0
19	1	Pilot 2.0	2	MFBD	MSRP	4	1
19	1	Pilot 2.0	OT	MFBD	MSRP	0	0
19	1	Jardim	1	MFBD	MSRP	4	9
19	1	Jardim	2	MFBD	MSRP	7	7
19	1	Jardim	OT	MFBD	MSRP	0	0
19	2	Jardim	1	MDNO	MCDC	2	5
19	2	Jardim	2	MDNO	MCDC	6	5
19	2	Jardim	OT	MDNO	MCDC	0	0
19	2	Rush	1	MDNO	MCDC	5	4
19	2	Rush	2	MDNO	MCDC	7	5
19	2	Rush	OT	MDNO	MCDC	0	0
19	2	Jardim	1	MTEF	MSRP	7	5
19	2	Jardim	2	MTEF	MSRP	5	5
19	2	Jardim	OT	MTEF	MSRP	0	0
19	2	Rush	1	MTEF	MSRP	2	2
19	2	Rush	2	MTEF	MSRP	5	4
19	2	Rush	OT	MTEF	MSRP	0	0
19	2	Jardim	1	MRKT	MLBT	1	4
19	2	Jardim	2	MRKT	MLBT	5	3
19	2	Jardim	OT	MRKT	MLBT	0	0
19	2	Rush	1	MRKT	MLBT	4	3
19	2	Rush	2	MRKT	MLBT	5	2
19	2	Rush	OT	MRKT	MLBT	0	0
19	2	Jardim	1	MVIL	MAC	3	3
19	2	Jardim	2	MVIL	MAC	6	4
19	2	Jardim	OT	MVIL	MAC	0	0
19	2	Rush	1	MVIL	MAC	8	2
19	2	Rush	2	MVIL	MAC	5	6
19	2	Rush	OT	MVIL	MAC	0	0
19	2	Jardim	1	MCCB	MFBD	4	6
19	2	Jardim	2	MCCB	MFBD	2	7
19	2	Jardim	OT	MCCB	MFBD	0	0
19	2	Rush	1	MCCB	MFBD	3	3
19	2	Rush	2	MCCB	MFBD	2	1
19	2	Rush	OT	MCCB	MFBD	0	0
19	3	Rush	1	MDNO	MVIL	4	2
19	3	Rush	2	MDNO	MVIL	8	3
19	3	Rush	OT	MDNO	MVIL	0	0
19	3	Scorpio	1	MDNO	MVIL	2	4
19	3	Scorpio	2	MDNO	MVIL	6	4
19	3	Scorpio	OT	MDNO	MVIL	5	7
19	3	Rush	1	MTEF	MRKT	2	2
19	3	Rush	2	MTEF	MRKT	2	2
19	3	Rush	OT	MTEF	MRKT	7	4
19	3	Scorpio	1	MTEF	MRKT	4	0
19	3	Scorpio	2	MTEF	MRKT	5	5
19	3	Scorpio	OT	MTEF	MRKT	0	0
19	3	Rush	1	MAC	MFBD	0	7
19	3	Rush	2	MAC	MFBD	1	5
19	3	Rush	OT	MAC	MFBD	0	0
19	3	Scorpio	1	MAC	MFBD	0	4
19	3	Scorpio	2	MAC	MFBD	4	4
19	3	Scorpio	OT	MAC	MFBD	0	0
19	3	Rush	1	MLBT	MCCB	2	1
19	3	Rush	2	MLBT	MCCB	1	7
19	3	Rush	OT	MLBT	MCCB	0	0
19	3	Scorpio	1	MLBT	MCCB	3	4
19	3	Scorpio	2	MLBT	MCCB	1	2
19	3	Scorpio	OT	MLBT	MCCB	0	0
19	3	Rush	1	MCDC	MSRP	1	1
19	3	Rush	2	MCDC	MSRP	1	4
19	3	Rush	OT	MCDC	MSRP	0	0
19	3	Scorpio	1	MCDC	MSRP	4	2
19	3	Scorpio	2	MCDC	MSRP	2	6
19	3	Scorpio	OT	MCDC	MSRP	0	0
19	4	Scorpio	1	MDNO	MFBD	4	2
19	4	Scorpio	2	MDNO	MFBD	2	7
19	4	Scorpio	OT	MDNO	MFBD	0	0
19	4	Cedar	1	MDNO	MFBD	4	3
19	4	Cedar	2	MDNO	MFBD	1	7
19	4	Cedar	OT	MDNO	MFBD	0	0
19	4	Scorpio	1	MTEF	MCDC	1	3
19	4	Scorpio	2	MTEF	MCDC	1	3
19	4	Scorpio	OT	MTEF	MCDC	0	0
19	4	Cedar	1	MTEF	MCDC	0	7
19	4	Cedar	2	MTEF	MCDC	5	5
19	4	Cedar	OT	MTEF	MCDC	0	0
19	4	Scorpio	1	MRKT	MVIL	4	3
19	4	Scorpio	2	MRKT	MVIL	4	2
19	4	Scorpio	OT	MRKT	MVIL	0	0
19	4	Cedar	1	MRKT	MVIL	7	0
19	4	Cedar	2	MRKT	MVIL	3	7
19	4	Cedar	OT	MRKT	MVIL	0	0
19	4	Scorpio	1	MLBT	MSRP	6	0
19	4	Scorpio	2	MLBT	MSRP	2	5
19	4	Scorpio	OT	MLBT	MSRP	0	0
19	4	Cedar	1	MLBT	MSRP	3	3
19	4	Cedar	2	MLBT	MSRP	8	2
19	4	Cedar	OT	MLBT	MSRP	0	0
19	4	Scorpio	1	MCCB	MAC	3	3
19	4	Scorpio	2	MCCB	MAC	4	4
19	4	Scorpio	OT	MCCB	MAC	5	4
19	4	Cedar	1	MCCB	MAC	6	3
19	4	Cedar	2	MCCB	MAC	5	5
19	4	Cedar	OT	MCCB	MAC	0	0
19	5	Cedar	1	MDNO	MRKT	1	6
19	5	Cedar	2	MDNO	MRKT	2	9
19	5	Cedar	OT	MDNO	MRKT	0	0
19	5	EMERALD	1	MDNO	MRKT	2	6
19	5	EMERALD	2	MDNO	MRKT	4	4
19	5	EMERALD	OT	MDNO	MRKT	0	0
19	5	Cedar	1	MTEF	MCCB	1	1
19	5	Cedar	2	MTEF	MCCB	5	3
19	5	Cedar	OT	MTEF	MCCB	0	0
19	5	EMERALD	1	MTEF	MCCB	1	4
19	5	EMERALD	2	MTEF	MCCB	4	5
19	5	EMERALD	OT	MTEF	MCCB	0	0
19	5	Cedar	1	MLBT	MAC	3	1
19	5	Cedar	2	MLBT	MAC	4	3
19	5	Cedar	OT	MLBT	MAC	0	0
19	5	EMERALD	1	MLBT	MAC	9	3
19	5	EMERALD	2	MLBT	MAC	4	3
19	5	EMERALD	OT	MLBT	MAC	0	0
19	5	Cedar	1	MVIL	MSRP	3	1
19	5	Cedar	2	MVIL	MSRP	2	3
19	5	Cedar	OT	MVIL	MSRP	0	0
19	5	EMERALD	1	MVIL	MSRP	4	2
19	5	EMERALD	2	MVIL	MSRP	10	3
19	5	EMERALD	OT	MVIL	MSRP	0	0
19	5	Cedar	1	MFBD	MCDC	5	2
19	5	Cedar	2	MFBD	MCDC	3	4
19	5	Cedar	OT	MFBD	MCDC	0	0
19	5	EMERALD	1	MFBD	MCDC	5	1
19	5	EMERALD	2	MFBD	MCDC	3	6
19	5	EMERALD	OT	MFBD	MCDC	0	0
19	6	EMERALD	1	MDNO	MLBT	7	2
19	6	EMERALD	2	MDNO	MLBT	4	4
19	6	EMERALD	OT	MDNO	MLBT	0	0
19	6	Transilio	1	MDNO	MLBT	5	6
19	6	Transilio	2	MDNO	MLBT	6	2
19	6	Transilio	OT	MDNO	MLBT	0	0
19	6	EMERALD	1	MTEF	MFBD	4	6
19	6	EMERALD	2	MTEF	MFBD	6	2
19	6	EMERALD	OT	MTEF	MFBD	0	0
19	6	Transilio	1	MTEF	MFBD	4	3
19	6	Transilio	2	MTEF	MFBD	4	3
19	6	Transilio	OT	MTEF	MFBD	0	0
19	6	EMERALD	1	MRKT	MSRP	6	1
19	6	EMERALD	2	MRKT	MSRP	10	2
19	6	EMERALD	OT	MRKT	MSRP	0	0
19	6	Transilio	1	MRKT	MSRP	9	0
19	6	Transilio	2	MRKT	MSRP	8	1
19	6	Transilio	OT	MRKT	MSRP	0	0
19	6	EMERALD	1	MVIL	MCCB	3	9
19	6	EMERALD	2	MVIL	MCCB	6	2
19	6	EMERALD	OT	MVIL	MCCB	0	0
19	6	Transilio	1	MVIL	MCCB	1	2
19	6	Transilio	2	MVIL	MCCB	1	5
19	6	Transilio	OT	MVIL	MCCB	0	0
19	6	EMERALD	1	MAC	MCDC	6	4
19	6	EMERALD	2	MAC	MCDC	3	6
19	6	EMERALD	OT	MAC	MCDC	0	0
19	6	Transilio	1	MAC	MCDC	1	4
19	6	Transilio	2	MAC	MCDC	4	5
19	6	Transilio	OT	MAC	MCDC	0	0
19	7	Transilio	1	MDNO	MTEF	0	3
19	7	Transilio	2	MDNO	MTEF	2	5
19	7	Transilio	OT	MDNO	MTEF	0	0
19	7	Pilot 2.0	1	MDNO	MTEF	4	2
19	7	Pilot 2.0	2	MDNO	MTEF	1	1
19	7	Pilot 2.0	OT	MDNO	MTEF	0	0
19	7	Transilio	1	MRKT	MAC	2	1
19	7	Transilio	2	MRKT	MAC	2	2
19	7	Transilio	OT	MRKT	MAC	0	0
19	7	Pilot 2.0	1	MRKT	MAC	2	4
19	7	Pilot 2.0	2	MRKT	MAC	3	0
19	7	Pilot 2.0	OT	MRKT	MAC	0	0
19	7	Transilio	1	MLBT	MFBD	4	3
19	7	Transilio	2	MLBT	MFBD	4	2
19	7	Transilio	OT	MLBT	MFBD	0	0
19	7	Pilot 2.0	1	MLBT	MFBD	5	3
19	7	Pilot 2.0	2	MLBT	MFBD	2	4
19	7	Pilot 2.0	OT	MLBT	MFBD	6	2
19	7	Transilio	1	MVIL	MCDC	2	4
19	7	Transilio	2	MVIL	MCDC	4	7
19	7	Transilio	OT	MVIL	MCDC	0	0
19	7	Pilot 2.0	1	MVIL	MCDC	4	2
19	7	Pilot 2.0	2	MVIL	MCDC	0	3
19	7	Pilot 2.0	OT	MVIL	MCDC	0	0
19	7	Transilio	1	MCCB	MSRP	7	5
19	7	Transilio	2	MCCB	MSRP	5	4
19	7	Transilio	OT	MCCB	MSRP	0	0
19	7	Pilot 2.0	1	MCCB	MSRP	4	3
19	7	Pilot 2.0	2	MCCB	MSRP	4	1
19	7	Pilot 2.0	OT	MCCB	MSRP	0	0